Drug,Time,Run,Label,Area_Mean,BoundingBoxArea_Mean,Compactness_Mean,ConvexArea_Mean,Eccentricity_Mean,EquivalentDiameter_Mean,Extent_Mean,FormFactor_Mean,MajorAxisLength_Mean,MaxFeretDiameter_Mean,MaximumRadius_Mean,MeanRadius_Mean,MedianRadius_Mean,MinFeretDiameter_Mean,MinorAxisLength_Mean,Perimeter_Mean,Solidity_Mean,Area_Std,BoundingBoxArea_Std,Compactness_Std,ConvexArea_Std,Eccentricity_Std,EquivalentDiameter_Std,Extent_Std,FormFactor_Std,MajorAxisLength_Std,MaxFeretDiameter_Std,MaximumRadius_Std,MeanRadius_Std,MedianRadius_Std,MinFeretDiameter_Std,MinorAxisLength_Std,Perimeter_Std,Solidity_Std,DistanceTraveled_Max,DistanceTraveled_Mean,DistanceTraveled_Std,Speed_Max,Speed_Mean,Speed_Std,Linearity_Mean,Linearity_Std,Displacement,IntegratedDistance
ATG,24hr,1,2,33.125,47.25,0.929608828980542,34.75,0.7768471281741934,6.4748711760735365,0.7090443121693122,1.084205234403748,8.3301958130395235,7.565033110563758,2.6277390539355165,1.428882845741993,1.1035533905932737,4.432508229981495,5.064568875836743,19.619164850721756,0.9530654935671539,5.383506557731945,8.924284685220275,0.08892936575045991,5.496752287877426,0.08571717939907926,0.5367661609563756,0.07910480260382922,0.10166084515802502,1.0538530534565482,1.011518821842553,0.32948004825279026,0.08530408664632358,0.19174362082170146,0.585526552538533,0.5921137291152302,2.1189685781599827,0.026478144553230807,1.3606872671270858,0.9970455237792876,0.2636480882478065,0.1326205913379226,0.09717792629427754,0.025696694760994787,0.8530084709696178,0.13132632816970843,4.505278407035933,6.979318666455013
ATG,24hr,1,5,23.555555555555557,33,0.8599391754704717,25.666666666666668,0.7377277072435007,5.472312566880394,0.7219378306878307,1.1688311352160154,6.8700581288140175,6.126681923817468,2.2756558852494133,1.2955922217115874,1,3.7903602966591556,4.449679651180903,15.93694483617808,0.919286908389024,1.9436506316151,4.301162633521313,0.06650040265272338,2.179449471770337,0.10526681872139297,0.2266439986853748,0.08550691635414094,0.08696752872362612,0.8086290173648537,0.7223154988745013,0.22150412732254837,0.0543259470776154,0,0.35329155693089664,0.3630127649945349,0.9837035985599902,0.05147714898942351,1.1838205043822398,0.5011086580324796,0.3674400881842119,0.11538211543686548,0.04884099980823388,0.03581287409202845,0.4676876735496861,0.27227982497676717,0.6578270710937137,4.008869264259837
ATG,24hr,1,7,66.5,110.13333333333334,1.2095113690736117,73.26666666666667,0.8257103112607044,9.195321971005283,0.6291582208036456,0.8563962204373444,13.20926477510459,12.458743468488494,3.4160848251699028,1.6921063026052032,1.4337397769606586,6.36128018951287,6.796809426771599,31.674690937160516,0.9118824913369451,5.0292249351441685,28.422590982542737,0.2558835087627753,8.561877546802267,0.08574681933718771,0.3471314584078904,0.10820713615962345,0.14604628810879486,2.573156184106507,2.2236296484604483,0.4115125178184619,0.11287369844148891,0.07430939133348156,0.7958108886816723,0.8622274243513286,4.014691113277313,0.04401571102188713,1.9835038364542137,0.47563791409469597,0.4378814517778186,0.19332396066805202,0.0463584711593271,0.04267850407191215,0.31328944614633797,0.17369111466267206,3.996092825938853,13.793499508746184
ATG,24hr,1,8,27.5,46.5,1.0754421623613126,31.625,0.7896939187563352,5.881639497498464,0.6022569444444444,0.9445270637932939,8.208622397823728,7.265439782236049,2.1475424859373686,1.2775739145243237,1,4.168099821698087,4.573418907779068,19.22271824131503,0.8802725630850631,6.590035768383312,14.755144381343264,0.1626996093696019,9.515964030437033,0.174308487454342,0.6931537052243784,0.07067813602437155,0.11122774380144776,1.4668397326387834,1.293228416771337,0.12217678570215805,0.0560614877690756,0,0.9028994355380805,0.6934178047820347,3.5739010212218503,0.0574536304208645,2.7666705831563077,1.637269037937763,0.8899292888595751,0.2696560022569501,0.15957787894130243,0.08673774745220031,0.6707086655692129,0.24785035970149769,7.326701546777758,11.46088326556434
ATG,24hr,1,9,44.2,63.666666666666664,0.9890138749386205,47.6,0.6973118618764267,7.478888569627417,0.7054104704451927,1.0254908545595225,9.21360613469824,8.641963580765099,3.060432757299122,1.5634859473048717,1.3935028842544404,5.636918980508597,6.2706488556178694,23.376821775058154,0.9316092819387456,6.989647517135117,14.128311838372582,0.13077649730485738,8.286257838464673,0.12653703768243899,0.5960331283235838,0.07593855918732015,0.11402680959099162,1.3815784021989712,1.3581676812566252,0.3223052815809793,0.09511174827228343,0.06319419735374052,0.7683113778684035,0.787593574972669,2.9147194583053504,0.03584874299766876,1.247434837707749,0.47716661814367717,0.2721198333443881,0.12158234285650577,0.04650746765532916,0.026522400910759074,0.31927460198241825,0.1457150314292684,3.621239220050109,13.837831926166638
ATG,24hr,1,12,43.86666666666667,62.06666666666667,1.0431026223463793,48.06666666666667,0.791555834709685,7.458334325037363,0.7207515416682083,0.9754566283048514,9.98488741568847,9.165499515804923,2.973192913769726,1.526404914850199,1.3037566124069364,5.083105457796492,5.773378340052215,23.940916292848975,0.916179288050857,5.787819155322032,14.619149777941434,0.14959658054551062,7.459931280691778,0.08804729760807226,0.4835470148149891,0.07251050014465577,0.12258080253101004,1.5439023374778276,1.3621554771427693,0.16647635487945456,0.06796315449485996,0.160731255170835,0.6665467596115202,0.6626994675784924,2.931565322878988,0.03757364516713203,8.734910029522954,1.0993464963557151,1.6384877010425174,0.8513557533648104,0.1071487813212198,0.15969665702168787,0.3790488404166586,0.20553380220381434,14.50935128095726,31.88104839431574
ATG,24hr,1,13,48.93333333333333,67.16666666666667,0.9440870479101472,51.733333333333334,0.6659433659631322,7.851412427958812,0.7387934904601571,1.06776557479142,9.376265313657727,8.6876406097006509,3.272119024352075,1.646102943250546,1.4073100030002101,5.920003542851318,6.666733863188195,24.035603640634505,0.9497740553225934,10.17072653063288,16.976826666905712,0.08711715127809767,11.632099858857677,0.14288183146791986,0.8257773402415538,0.059841266618661404,0.09628643644784242,1.5089553258517026,1.3988544463534658,0.3105674847090514,0.08539143044724358,0.03781235195605287,0.6428240982115071,0.5736505451645482,3.47955203288929,0.030917831443505,1.834191841404601,0.6615192319351918,0.5147410453858943,0.17877113463982466,0.06447555866814736,0.05016969253273824,0.8003275939342922,0.09603226394082824,12.895536290907144,19.184057726120564
ATG,24hr,1,18,54.96666666666667,70.3,0.8942259871276528,57.46666666666667,0.3312082671366091,8.364745558682365,0.7866319444444444,1.12014749797831,8.645226222181382,8.269919540915899,3.954776150180275,1.798327583650529,1.4532659915482222,7.047282189419834,8.079378827214546,24.847041832318094,0.9576247041722756,1.731718965280638,6.120344817872207,0.03712677527011615,2.7883171705668923,0.1217885690101982,0.13169471271992927,0.06098626021964063,0.04643655664396794,0.2491669981020093,0.27872391502018445,0.16529681338673832,0.02704524661065137,0.12716617678524106,0.15249785533597326,0.14956832228917488,0.7265944581796236,0.03107714788058535,0.36728805276433873,0.15056708993962828,0.0952099676305388,0.035798055824984285,0.014675154964876052,0.009279723940598323,0.27965333685720634,0.15478104080569616,1.2881440083634264,4.3664456082492205
ATG,24hr,1,19,38.75,58,1.1394305155675721,44.75,0.8216446495783678,6.884574311762377,0.6697330447330447,0.9297329334814364,9.90783042643214,8.684400338418097,2.38415776431139,1.3814187998328826,1.1035533905932737,4.700596382439653,5.205678142734339,23.460155108391486,0.8886574100473286,17.63282923034947,26.14064523559687,0.31157338233178955,22.954665466232928,0.07976785452667466,1.6085889901024617,0.04528099670858379,0.254087231059744,3.5535251942421904,3.017988460787227,0.29617957362320024,0.08363447381447216,0.20710678118654757,1.1339166084826287,0.922845957307538,8.474536738681238,0.06268202633276607,2.9276475797846424,2.3046023290830933,0.5401171736726315,0.28534576801019906,0.2246201100470851,0.05264299938329742,0.9896037020370094,0.00908059346765157,6.8141556601762066,6.91380698724928
ATG,24hr,1,20,23,29.333333333333332,0.9003406747434177,23.666666666666668,0.8501001390569779,5.409010230760006,0.7842261904761905,1.111193232118394,7.395791475564282,6.643073509984679,2,1.2823867678206813,1,3,3.885071227304984,16.128258770283413,0.9710144927536232,1.7320508075688772,2.309401076758503,0.023627175794959956,1.1547005383792515,0.013652605936405254,0.2016848498611053,0.0025774565588822487,0.028725251362276064,0.43716869520609264,0.5516896876050561,0,0.024600827064766868,0,0,0.061539743902437216,0.8164965809277265,0.025102185616940234,0.7286917973582527,0.6807931185676956,0.06773896116535837,0.07102259233511235,0.06635410512355708,0.006602237930346814,0.9995464691192748,6.413895224765849e-4,1.3603511943247688,1.3615862371353913
ATG,24hr,1,22,84.5,150.5,1.4359097314169669,99.03333333333333,0.8781583199256247,10.355810905512765,0.5832993578679854,0.7211068741456033,15.899116062422573,15.188342443385311,3.782595926146692,1.7452431614515325,1.5078006238589245,7.25201254764547,7.472516366156696,38.87333811916665,0.8605869062145408,9.922979252290077,35.74695550094032,0.28500940568773825,16.15332427265271,0.03283412949085751,0.5982059552362703,0.1142390424809349,0.1323532637328599,1.5851112900133228,1.8885098547560304,0.3084467083548617,0.10802029338428278,0.23034898919251823,0.979878143418161,0.7155678713193699,5.042277498720732,0.06633077726074224,1.9167935424579303,0.6671767874900548,0.4934705713585607,0.1868219826957047,0.06502697733821197,0.04809654691603906,0.4141043860434662,0.16531323422217778,9.94492386108602,19.34812683721159
ATG,24hr,1,26,94.73333333333333,134.33333333333334,1.0995553223847543,103.33333333333333,0.6052290107678098,10.9673855978957,0.7105418184509094,0.9169317625533835,12.800816230080375,12.479406253312726,4.603460728202926,2.039948379121579,1.960947570824873,9.34705610019473,9.856954792543553,36.13939512039233,0.9186010462879542,10.20457413777436,19.522459803559826,0.10029739899604068,12.460512341637159,0.12931940053096277,0.5884046387868886,0.053547512689059176,0.08515811364528918,1.4406056256997959,1.4133914573962019,0.38257204490773583,0.0795140898893953,0.14861878266696307,0.6094392200688621,0.5020384306755687,3.1290402115615725,0.02848239403186687,0.8746300746595134,0.5058131726310804,0.19580886143711124,0.08524659597071281,0.04929952949620667,0.019084684350595637,0.2214112969091124,0.19019183115505617,1.520654030660021,14.668582006301332
ATG,24hr,1,27,36.8125,51.625,0.9820814708711892,39,0.728769343143361,6.775520270467123,0.7141732213718821,1.0324532223597982,8.621461976833249,7.8741981495209705,2.6756787561251003,1.4604528476454082,1.2071067811865475,4.816739334949829,5.526084375165199,21.030776503073437,0.9438730016042205,10.802584567284505,12.322743201089601,0.12171548061236465,11.390054140930733,0.16088836913514462,1.0137485842435467,0.11639889777481142,0.12318697666303655,0.8474580461874045,0.7281051221395778,0.4797145751613403,0.1721241312745194,0.2138989638458993,1.4534073374405798,1.5509037979734022,3.204025097193441,0.04333138751718719,1.342757889762934,0.6315034035514777,0.39081117412061306,0.13087308867085126,0.0615500393325027,0.03809075771156072,0.47739264690241007,0.227673012966627,4.71626400539852,9.472551053272166
ATG,24hr,1,29,29.20689655172414,41.37931034482759,0.9159040325054366,31.137931034482758,0.7482044868452546,6.089905491228728,0.7138957307060756,1.1014204219657806,7.70643240509075,7.007293295833226,2.504980097228259,1.385791349687027,1.049991292010546,4.1356629968544665,4.8653362504979425,18.30450066088963,0.9396052287774497,3.0045122060093403,6.2758823688298335,0.08918878173375398,3.5226221760322085,0.10808728851584903,0.3225111581594676,0.07596374588698562,0.10296813358330645,0.9395694820637163,0.824564372410211,0.32880555816354806,0.061537920114713554,0.10582401501202801,0.5091649870873064,0.496208485540329,1.5010921047695331,0.04066444392602903,1.451417168488151,0.4806985832489112,0.3832799067552189,0.14146366164601862,0.04685171376695041,0.03735671605801354,0.3139412127857113,0.2436161561060814,0.2853517098863593,13.459560330969513
ATG,24hr,1,32,89.93333333333334,172.36666666666667,1.408704338258166,105.4,0.8197784664902318,10.691930935871152,0.5518021753378897,0.7422941445769741,15.997898864193932,15.456389051705015,4.087427363433801,1.8328082743922347,1.60947570824873,7.915949804434474,8.184143181991663,39.69306755556787,0.8594317684710658,7.343462179490625,43.6628804184605,0.295524099217544,13.111195531905627,0.11267104039770404,0.44251154562425904,0.12824359214670766,0.16213636463996348,2.978826050613627,2.6716979262840295,0.48381125058472024,0.1546098781293373,0.28086309934995785,0.8287166837349814,1.0553510799883505,4.868184448483898,0.06581671379887925,2.8695350744068806,0.7031208639220676,0.6532272990081653,0.2796817811312749,0.06853029862788185,0.06366737807097128,0.5616342005260656,0.2289035723799976,4.2312381246938955,20.390505053739965
ATG,24hr,1,33,97.33333333333333,152.03333333333333,1.2929518231968147,110.06666666666666,0.7871222662184596,11.112684287286772,0.6561438021903271,0.7843924399900553,15.330378099196274,14.524448123889991,4.165453747433037,1.8976015503337538,1.7852116395368016,8.484095814615106,8.846033279644331,39.658143315076124,0.8867378939995046,11.523090262399332,33.507058786257964,0.15526324382713946,14.117568739922493,0.12205929274186843,0.6722814619756218,0.09447671627200409,0.09566046759140218,1.9746428759367178,1.6104422276875139,0.4723328874296807,0.1308037234237979,0.2871129815985428,1.2817054109167476,1.284437736769019,3.62860850820444,0.044719427525352254,3.148244462117632,1.242342803184396,0.7156725182968998,0.30684643880288814,0.12108604319536023,0.0697536567540838,0.5300681409835771,0.1801251818761712,22.780256658261862,36.027941292347485
ATG,24hr,1,37,22.866666666666667,30.033333333333335,0.7764962046675619,23.566666666666666,0.501316261116596,5.390942835356935,0.7687830687830688,1.291950300216142,5.868653122366616,5.237308908532829,2.5717381609394168,1.3507705745637066,1.006903559372885,4.00947570824873,4.903702651609588,14.926296286848554,0.9715792301152122,1.995397001952819,4.114594154648945,0.044896161553347316,2.284631311587289,0.1906201752553269,0.2330005228448839,0.07066108791682475,0.07373929056400239,0.48029944877836156,0.45930464302704516,0.29855311703444015,0.03812895639707239,0.037812351956052905,0.15791053216608836,0.18575499229358303,0.9280925411004345,0.031158500123931697,0.45225838095489407,0.19995117351826994,0.1371975158599603,0.0440797642256232,0.019488418471566273,0.01337207756919691,0.2595101846221884,0.23558646704652564,0.393787801063748,5.798584032029829
ATG,24hr,1,38,26.666666666666668,41.5,0.9305758426294335,29.166666666666668,0.8027561739342006,5.816235814255067,0.6702380952380952,1.0964173406064077,8.026601748208154,6.9119977230071115,2.196723314583158,1.3090209846378897,1,3.8670827204393268,4.462195799080634,17.646025723249778,0.9295194351669893,3.6147844564602556,13.96782015920881,0.16247709963048174,7.026141662866375,0.07140588210835352,0.3864538460117178,0.11340794973785577,0.15008267789709284,2.1200530822304056,1.693855062445843,0.09637434824755087,0.06053310438199622,0,0.3807484922645385,0.2600989073583496,2.645963331207396,0.07944583066084587,8.011205427310433,2.7375792749218237,2.989898840020565,0.7808192424279174,0.26682059209764364,0.29141314230219934,0.9812403691903487,0.011297836695779342,13.28752747968307,13.687896374609116
ATG,24hr,1,41,69.2,103.63333333333334,1.1927210397288683,77.1,0.8092888645471472,9.37878033546756,0.6756791830203627,0.84961399195513565,13.046193902618352,12.323445244830253,3.4730485458606184,1.7176245578363394,1.4630290988420038,6.5396243763462305,7.138057526905833,32.165215228911784,0.8999980574218087,5.767925581805072,15.080207017085705,0.14348476331556898,8.256032277402822,0.10652890816848777,0.3895035496986604,0.06922259660684044,0.09732104190849153,1.886684074377749,1.7017325748221868,0.37774347904471495,0.08070656239618104,0.15542924331200417,0.61265325710929,0.6994950324804255,2.907422396874943,0.034802991206569135,2.6165548759301087,0.8872544354869119,0.6163647607326779,0.2550248417085876,0.08647704049580038,0.060074538083107004,0.7042081405202968,0.15623301707615916,15.13002263515532,25.730378629120445
ATG,24hr,1,42,53.766666666666666,80.36666666666666,1.0428388040074448,58.13333333333333,0.6812521143156232,8.267908121886748,0.6764270482603816,0.9685136394900358,10.136939725622712,9.732440120747446,3.4104691697458804,1.6546896249669676,1.4073100030002101,6.39271997256625,7.0285686785973285,26.50287997274216,0.9263359378017941,4.116269932951377,11.140121132670627,0.11090497301034183,5.137645598798206,0.15499142348840145,0.32089553026577,0.06511836806152047,0.09437900756849853,1.0279826196818698,0.8980492053557477,0.3248873155517019,0.07188055726016242,0.03781235195605287,0.6776590866553324,0.716889869021788,1.914299183605693,0.03348514549538481,2.5296640468421514,0.6435572511012764,0.5526724792828538,0.24655594998461516,0.0627248782749782,0.05386671338039511,0.3778739933794854,0.2522650646293297,2.955201855745227,18.66316028193701
ATG,24hr,1,43,46,81.625,1.2317187849582791,52.5,0.8859494741707503,7.615833003027519,0.5910759379509379,0.8352127197712043,11.944764414651168,10.652810389066248,2.7758288407471166,1.442998686056733,1.1812184335382292,4.754376541533997,5.114407242315242,26.65469875665449,0.8829781747721785,9.57675757833964,27.536663870971317,0.2163108784562445,12.60385428577873,0.06029148049636505,0.8057697138685503,0.09937165101972054,0.15272359133659555,2.5716440854427978,2.2405690130862954,0.2262091241724803,0.05132113238207657,0.20524928374417775,0.36853363706538583,0.33071780737490825,4.931551161778157,0.03602439297368131,1.6427681902150912,0.8780688246219465,0.5300869691341534,0.160113858695428,0.08558175678576477,0.05166539660176934,0.4239524305352154,0.2852729630450236,2.3434313535645654,6.146481772353625
ATG,24hr,1,44,82.03333333333333,122.7,1.2028603738983725,91.5,0.7492124022427826,10.20889817979084,0.6722332168722543,0.8477455521465477,13.58152410654212,12.869033304509347,3.9843532411897273,1.8494821476849268,1.6582912447176388,7.86649218253205,8.281295097229382,35.067990599601295,0.8984328841134255,7.765899523062274,14.439290268163317,0.1792804006854787,9.601544415999635,0.15330754106345437,0.48403684075856884,0.05660626151782219,0.11553966866402987,1.7799303417789898,1.3472763613647756,0.5492275918749961,0.14785071063892763,0.28865430900800776,1.0756694795606645,1.2108232148664648,2.8562971205501726,0.041890928592441,3.642565832528822,0.8666681950746389,0.7911918115098232,0.3550259096031991,0.08447058431526695,0.07711421164813093,0.6326694526893609,0.31013319867761546,4.163240820234838,25.133377657164537
ATG,24hr,1,45,38.266666666666666,54.833333333333336,0.9768728489763808,42.1,0.6105998727052194,6.941498835834777,0.7151259682410476,1.054393988537493,8.042742215811986,7.450635746956297,2.8980717469615804,1.4994129182171643,1.2347210186780873,5.494716018093829,6.1996297325748015,21.609951886577825,0.9183157342155173,8.353951504954194,17.569729716158147,0.2058360387282907,11.369499427915871,0.12871884640420236,0.7461814219422277,0.07433267408931173,0.15716564240442085,1.115499503403197,1.3083394184905486,0.32352607334524547,0.08695129270738519,0.1940802629719512,0.9031191669075322,0.9099129411996669,4.295822794013396,0.054046636717742506,1.2340589477918755,0.36866156666659794,0.2604957092832286,0.12027864988224908,0.03593192657569181,0.02538944534924256,0.4547698542700765,0.12852018202370263,3.8472620173595855,10.69118543333134
ATG,24hr,1,46,46.4,62.4,0.9214144012029936,50.06666666666667,0.3902015835367543,7.684515020752755,0.7453125,1.0862166265551623,8.075818078615672,7.590217650061175,3.4430176165222655,1.6539663842619163,1.4142135623730951,6.524028229210166,7.383624599664846,23.167549288623086,0.9269368631342232,1.9930915164897591,3.25470481737989,0.027553444209285807,1.9640446187314116,0.09415923286774053,0.16570779705137426,0.0463881073078451,0.03214785689635968,0.2503790192656482,0.2390989364543561,0.2172628131628879,0.034146066724411166,0,0.3168633956763072,0.2216392885886087,0.44382240837383824,0.024500658899276544,0.3364280237922219,0.1295187881840759,0.08848210403110554,0.032790255730236056,0.012623663565699406,0.008623986747671106,0.1731547387918451,0.20119214017742973,0.23011168785808508,3.7560448573382006
ATG,24hr,1,47,39.733333333333334,52.8,0.9023622455804409,41.766666666666666,0.6545572805142554,7.11153435252119,0.7556673595364072,1.1105525510549068,8.254467389864404,7.691438360337539,3.0207074998472407,1.563702201078754,1.4142135623730951,5.229417465465578,6.154811912810702,21.22139007826141,0.952591509397878,1.436790804568276,4.097097374550882,0.04180178534806933,2.329471352390751,0.08499937499269945,0.12917669156207998,0.04655841813657846,0.05256837143125778,0.4104252400206637,0.4256143014289753,0.09464744217520274,0.021993722359773878,0,0.36178623696717394,0.2727168887828687,0.7515922762442554,0.029288042121860203,0.3973211189385433,0.14349378720388692,0.0832958690613299,0.03872525525716797,0.013985749240144923,0.008118505756464903,0.24951312951345642,0.17140418453791037,0.4713794080125054,4.1613198289127205
ATG,24hr,1,48,63.13333333333333,98.73333333333333,1.1787813696831755,71.36666666666666,0.7651557298033845,8.901185398895592,0.6555045515651576,0.8778716915644499,11.972873871029254,10.961064936201538,3.4557056506175257,1.662295531973324,1.3980375165651429,6.745396867985693,7.225455062375488,30.342338845544614,0.8911888168907071,14.616319017084821,29.63098719750745,0.22981224262872038,18.404428502557398,0.10784153625156759,1.0920188921416836,0.09189520285549718,0.15983090409169684,2.4083526550654586,1.9796522154608693,0.5796239473142104,0.16206354059342426,0.21693261851449047,0.9781073100382837,0.9717980098665209,5.475889214687421,0.06344739850606877,2.084148139981397,0.805528284139352,0.4468392531945429,0.20313334697674434,0.07851152866855282,0.04355158413202172,0.7093239988556916,0.14791751231101843,14.456128946573717,23.360320240041208
ATG,24hr,1,57,55.5,78.73333333333333,1.0064139071201144,59.46666666666667,0.7349933447132173,8.254512889064863,0.7174538796741178,1.0043239608404748,10.363297865900055,9.661693474601725,3.3665576578072294,1.6702531072079327,1.483536555146996,6.0698400115204825,6.734532359867121,26.142710421821054,0.9381546319897978,21.258264113126646,32.255374674653815,0.10506951173919038,23.3514871908191,0.12038151245470645,1.6170892423277001,0.07637504078696836,0.10683838190718041,2.0653910002289946,2.169938630032826,0.6945275273158619,0.22126212520647107,0.36208237827321876,1.7346246420085158,1.6197781552237764,5.997858307659819,0.02818672416518879,2.244734327163546,0.7908183783958872,0.5206639889815796,0.21878502214069648,0.07707781465846854,0.050746977483584754,0.7259617438968232,0.13230402443828942,11.577218207776284,22.933732973480733
ATG,24hr,1,58,63.43333333333333,88.5,1.0269673733230065,68.33333333333333,0.7178139796052877,8.927057975850078,0.7206438908313908,0.9801356143632088,11.089039041249423,10.46005073376562,3.6381614671840445,1.758040827156049,1.5859054822091785,6.70269307353935,7.389977385088763,28.47959714574766,0.9300061102715117,14.168160840744129,20.832252845544325,0.08349360405070835,15.619027594203992,0.11382207654908963,1.05379332046364,0.058823210241899716,0.08181110477768128,1.7843302373130459,1.5824485546083507,0.41161725446044944,0.13598315808804998,0.27567899213663,1.0191560359824878,0.9360466773756503,4.088976282529219,0.033085562234238614,3.0908632023874074,1.3110806696441004,0.7386495625089116,0.3012537234295719,0.12778564031618914,0.07199313474745728,0.16140685617850328,0.19264541166998925,4.5815352646363445,38.02133941967891
ATG,24hr,1,62,101.43333333333334,144.93333333333334,1.1060440180535136,110.8,0.6121035647749596,11.267642100519133,0.7103953906370607,0.9249919171392574,13.35780371879542,12.799666480128963,4.68676062617553,2.0725998136532664,1.939527181526854,9.417656393992845,9.980413791531456,37.360512242138306,0.9234481237488961,30.348190121952264,51.94621444727516,0.1948530354600542,37.6988063471511,0.15130582146923888,1.5048791848329752,0.058335218492312685,0.1242479859186242,2.87357864903784,2.586810977218539,0.49229389133485263,0.15943324664607025,0.19129710832286637,1.5500321730441464,1.3798657222623474,7.8662029468283174,0.04002047605803199,4.648964845963317,1.9192082317591086,1.1147990487631378,0.4531154820627014,0.18705733253012755,0.10865487804708945,0.34445798196372207,0.13899728107073014,18.62041737688025,55.657038721014146
ATG,24hr,1,66,47.7,65.86666666666666,0.9641211657486111,50.7,0.6777697583976663,7.776157443561981,0.7328697691197691,1.0408801197329358,9.342288660507334,8.809335899839741,3.207472297322536,1.6217769490165168,1.3935028842544404,5.849516210958727,6.622133632545247,24.0032515490186,0.9420615590991872,6.220932405998316,12.210039208424533,0.05779284831560978,6.973595520444143,0.12650117128441005,0.5234847066265802,0.0657725295349049,0.06339976826561233,0.9926612818862229,0.9802890163873811,0.28549073644339734,0.07087734862588146,0.08337661303267793,0.663029855409812,0.6286241018151958,2.078098805692435,0.025719124678318602,1.8384852668051033,0.8682593704694884,0.46043642851647204,0.1791895971544935,0.08462566963640239,0.0448768448846464,0.1809614726673355,0.2319102866037025,1.099558869178983,25.17952174361517
ATG,24hr,1,71,139.9090909090909,212.8181818181818,1.152095453519487,150.54545454545453,0.7122087429650126,13.301705481059408,0.6593459961397945,0.8730441606152793,16.23472105273434,15.888089601749877,5.2154978186265675,2.3265260265248124,2.107303626136268,10.606149406497654,11.241443758902964,44.932447821544734,0.9313118284433529,23.922602473203224,35.43111113645233,0.0907050203258522,27.215303181716113,0.058360011489252045,1.1500697193696838,0.05320587324476163,0.0709083673210578,1.9590091912698955,2.1273151359035127,0.42242248317492254,0.11790819737021689,0.11140989857363381,1.000294955634381,0.7803704249567173,5.3480469022125146,0.022830385684284023,0.8165621272162298,0.5127003722048797,0.17299246321967146,0.07958695197039277,0.049970796511196854,0.01686086386156642,0.676141837502542,0.18142977665639093,2.8519565815708217,5.127003722048798
ATG,24hr,1,73,23.2,34,0.8835739093460411,25.4,0.6029317524706856,5.4288837611670475,0.7048707482993197,1.159532342882439,6.469460776777579,5.767848119587505,2.3073262114491118,1.3136695072653384,1,4.028177680583966,4.711737009253928,16.036753236814715,0.9200126262626263,2.4899799195977463,9.246621004453464,0.1667848072438662,4.219004621945797,0.1798923723654058,0.28805065872278957,0.10866445301295521,0.1847247124024539,1.5422767145951564,1.1894999313634298,0.30871862990409343,0.04988316946334312,0,0.05024773331730173,0.3852773314441459,2.328111039593616,0.051570786889003226,1.064827549301093,0.9133390742494215,0.20520727440152015,0.10378436153032096,0.0890194029482867,0.02000070900599612,0.7180030760087844,0.18889261545506325,2.369283575497815,3.6533562969976856
ATG,24hr,1,74,91,119.66666666666667,1.0541337851427157,98.16666666666667,0.6321704786458459,10.759949611461039,0.7616714934896753,0.9509170477543719,12.484155785440713,11.884452348853394,4.501941574269329,2.042139468654857,2,8.586464631144429,9.503703456849657,34.7111712174598,0.9277818887627817,5.549774770204643,9.048020041239225,0.05687024689667446,7.054549359574052,0.10203284320502266,0.32548351058556046,0.032122677355504545,0.05052960206607635,0.9613457147203611,0.7153676267484066,0.28111647806286166,0.03608927059881565,0,0.39622761081615193,0.3957969474980049,1.814343474206099,0.023037031748779,1.3296434614838768,0.9114592838849084,0.38966332781046414,0.12959487928692756,0.08883618751314896,0.037978881852871745,0.4550937619796222,0.3655025746524559,0.9030001419854058,4.557296419424542
ATG,24hr,1,76,57,88.34482758620689,1.1952580717838317,65.37931034482759,0.7488194069821803,8.433195150312999,0.658939118758868,0.8673169873066803,11.274825156731504,10.591329473299307,3.212388114656871,1.5917983493189665,1.3546300430159277,6.591271233497541,7.042841211438819,28.99664251717901,0.8792632072137705,15.590748172279245,26.94210176082483,0.24380541022803612,18.754835172950255,0.12219819631239477,1.2279532127052184,0.08279170245690577,0.15893953932520205,2.23185295423009,2.2271735743876735,0.5896825848202135,0.17241435160789242,0.252441361663691,1.3264694100292869,1.2754094857144462,5.807109341547924,0.06375173181669681,2.9212441758131407,0.8989834220776581,0.616334957865474,0.2847216545626843,0.0876202165767698,0.06007163332022164,0.569752513105912,0.21931689286086092,7.121038893791771,25.171535818174423
ATG,24hr,1,78,21.5,27.25,0.7796757107554675,22.25,0.6368089214803311,5.228984331808627,0.79375,1.2841101743776573,5.955393209658514,5.217337281965448,2.1770509831248424,1.3035772950432103,1,3.6338834764831844,4.551013688297812,14.510407640085653,0.9694055944055945,1.7320508075688772,3.2015621187164243,0.030922122859909616,2.6299556396765835,0.07856917000363735,0.207759699351222,0.07180703308172538,0.05130757535717166,0.26561604923537757,0.19796190277723974,0.1180339887498949,0.024147939552271732,0,0.4759424045582067,0.3558840289595641,0.8396871816634582,0.03759080051951074,1.3428782504251298,0.9519146326495349,0.3496776747607615,0.13088481972954483,0.09277920396194297,0.03408164471352452,0.4399020913912367,0.4916365164387187,0.22760833806246397,2.8557438979486043
ATG,24hr,1,79,28.2,39,0.9863798937250099,30.6,0.7910298722441167,5.982387161500514,0.732638888888889,1.0299321883789454,7.950525034023233,7.073091718815591,2.3073262114491118,1.3312476212880502,1,3.9838699100999073,4.678666863774376,18.68528137423857,0.9265562507667772,3.5637059362410923,7.035623639735144,0.14182181907878347,5.079370039680118,0.07705164553671108,0.3814430026973446,0.10084421772429639,0.14077159059073727,1.1846195724300022,0.8451135554041759,0.30871862990409343,0.052059267666643844,0,0.6789518939149473,0.3399992249625144,2.415789512627513,0.050352462235509515,1.423093245937982,1.1167124751110156,0.28314544778060424,0.13870304541305867,0.10884137184317891,0.027597022200838615,0.8689077845859523,0.0874011699435522,3.6818823533113862,4.466849900444062
ATG,24hr,1,80,32.4,44.7,0.942812979135421,35.3,0.6686718085477901,6.3252943236924235,0.7490806878306878,1.0950531505304342,7.812574804032578,6.969349046022995,2.64202580691523,1.4068827846287657,1.1242640687119285,4.606734986502362,5.375009876968723,19.41959594928933,0.9305323286418037,12.038826077875424,19.12560819657479,0.18110743090797865,14.000396819773043,0.15658940746990918,1.1754965702883353,0.10083554526925677,0.20241421417915398,2.028575341194574,1.7410641301285836,0.3646910954552704,0.13179303640460524,0.20008415952432532,0.9081287587688381,0.9722030181266498,4.930795728274847,0.0604437910525066,2.995000085175965,1.237257574305777,0.9182770837298666,0.2919103396857666,0.12059040685241491,0.08950069042201429,0.8455596863141724,0.16612357904871863,6.776517057600653,11.135318168751992
ATG,24hr,1,87,48.666666666666664,74,1.0732173929320876,53.888888888888886,0.7939569034614906,7.817193900933077,0.6730749254746168,0.942555055296062,10.351540450503828,9.338316561181962,2.925131095132967,1.5530860106910536,1.3375073471188184,5.690068720596166,6.171919119538118,25.497803415595023,0.9095894594371173,10.827315883023328,20.902705014496973,0.1149123978563999,13.40589231338029,0.06427244595227719,0.9427192398098787,0.09011868450378077,0.10579980451935869,1.291992918450193,1.2007655039947285,0.33840224470339064,0.11627245262213001,0.16396535784285146,1.2351276033994036,1.0030815265050215,3.941918383899817,0.044233549585830395,1.099737866114975,0.4911276351049932,0.27447303755615504,0.10718692652192739,0.047868190556042224,0.026751758046408874,0.419977497288566,0.23044947981151445,5.068678036877554,12.769318512729823
ATG,24hr,1,91,28.95,40.45,0.9031909000163608,30.95,0.6622698878151204,6.0492043213014854,0.7254637896825397,1.1147200923382714,7.2527425133544785,6.587301236878671,2.614651912985352,1.3960993467471465,1.051776695296637,4.278749466720621,5.163657878702948,18.05243866176395,0.9332094474315239,4.968055851876911,8.586862670749765,0.08216531262067192,4.751454071068528,0.1494448896381529,0.5305527398065216,0.094471812002135655,0.08761964349632252,0.9243804341063406,0.7308700040051267,0.3457948493148402,0.09359004389335185,0.13227213690049786,0.6153741482365804,0.7512744588720299,1.8610580022947794,0.03745334814505921,1.6687961976285954,0.9198874713324735,0.40895098937407115,0.16265070152325492,0.08965764827801886,0.03985877089415898,0.42858048708514646,0.28824663116960514,2.3153945612548292,17.477861955316996
ATG,24hr,1,93,27.8,37.8,0.8619250558064331,29.2,0.6671062162103019,5.933828838565613,0.7351587301587301,1.1639417609645317,7.052472090197973,6.348586790896204,2.53224755112299,1.3805608226003363,1.0414213562373096,4.319295832992909,5.043813047915997,17.319595949289333,0.9515465565509323,4.184627953726724,4.9396356140913875,0.051235469319709466,4.237399621885521,0.13863881108948048,0.4542816774799512,0.049766468431470354,0.07012870832401798,0.8819408652086423,0.8790435196268994,0.3122006830222806,0.06239098358085076,0.13098582948312004,0.38318119524671507,0.4114878160855827,1.6489272406175302,0.01777313944567982,1.3928592501061747,0.8811278980284387,0.44653509865391544,0.13575626219358428,0.08587991208854179,0.043521939439952764,0.7000758493683087,0.17374939657330923,4.903687989740277,7.930151082255947
ATG,24hr,1,94,31.75,49.25,1.0544455459630824,36.5,0.6835289665539025,6.3536302511676634,0.6450302343159486,0.9537631129034754,8.09309286130671,7.354949292366522,2.38415776431139,1.341802530933531,1,4.739143011623644,5.486886639613435,20.494164850721752,0.8712429169746243,2.753785273643051,3.685557397915997,0.092579197334473,3.3166247903554,0.19770983999143663,0.27504709121301996,0.03704137525304734,0.08214552999782791,1.1661077680918683,0.9343239314907117,0.29617957362320024,0.04838549464984442,0,0.5357407832386901,0.5480032683965945,1.5276285536579381,0.0520250818586355,1.1819752345600312,0.9546913774110231,0.2135863418827641,0.1152022645770011,0.09304984185292624,0.020817382249782076,0.9979027791372103,0.0035778825870218006,2.8462354109757597,2.8640741322330694
ATG,24hr,1,105,29.333333333333332,38,0.9717364587037225,31.333333333333332,0.7518086415830838,6.101324451890993,0.7698412698412699,1.0529092211882636,8.126842387865644,7.240134433511215,2.60947570824873,1.3741700730665147,1,4.067274152871906,4.766148900389576,18.79492543695008,0.9384902143522833,4.163331998932265,3.4641016151377544,0.1865533569082553,4.932882862316247,0.16648257626599586,0.42813533781126545,0.04418860605420653,0.18660332016252934,1.5159833116226287,0.9331023936459797,0.5347474096147481,0.12128893151681304,0,1.0316490810583627,1.2649024098485937,1.4929044958307776,0.05443035135302454,0.3727474267261626,0.21329809491344146,0.22549540756087808,0.03633015855030825,0.020789288003259403,0.021978109898721062,0.9986794937155572,0.0018674778966579141,0.42546954392771136,0.4265961898268829
ATG,24hr,1,109,22.25,30.1,0.8116291939038152,23.15,0.7104451499703346,5.3197992391946425,0.7515,1.235669128216962,6.331097540250188,5.700764036291351,2.2242645786248003,1.315566969497211,1,3.6539373114330997,4.425655910300351,15.05893577750951,0.9646073817486861,1.4823523268955432,4.876366205323494,0.04562463872935866,2.3457688673327066,0.049789081871964534,0.17566692472876386,0.08368951172619817,0.06709773870051527,0.29334901624992554,0.23235499728953773,0.052786404500042086,0.02169539393197717,0,0.24866406025007654,0.24632242211576427,0.8264610759481955,0.04399407667071771,0.4184949177938515,0.19838967178198536,0.12019071640971189,0.04078897834248065,0.019336225319881613,0.011714494776775039,0.18104057963019696,0.23487026060176983,0.4930537909968162,3.571014092075736
ATG,24hr,1,112,27.857142857142858,36,0.8753734232034014,29.571428571428573,0.7308944917104602,5.937774488737741,0.7719387755102041,1.1437788639418325,7.232244206969165,6.435757248954465,2.480722597427393,1.3878449217491153,1.0591733660532994,4.03082044850638,4.873746032435574,17.440465874383605,0.9389327405398834,4.705619740571601,3.9157800414902435,0.033235338630300766,4.117326918327103,0.08576076989861518,0.49691549744792496,0.07974074921662014,0.043336264537756256,0.41048468861058723,0.42174250195082463,0.39202630912810543,0.09760868458582304,0.15655801081562157,0.4659577414614,0.6548747404353942,1.3428464019536264,0.031213485034552155,1.9176359941663752,0.9807377003465556,0.5574314086364335,0.18690409299867206,0.0955884698193524,0.05433054665072451,0.9885583282603029,0.012465532736753814,5.727245799199148,5.884426202079334
ATG,24hr,1,115,39.833333333333336,57.333333333333336,1.0005256678412153,43.94444444444444,0.7070995348581185,7.082444855328731,0.7083978747222794,1.0253266160798222,8.988741616240084,8.158980274284678,3.021520530465546,1.5085103435560065,1.2761423749153968,5.222248853918269,5.9099632964202105,22.198310473080575,0.9099832136028859,8.212257696309111,13.177520966537273,0.17965486462567137,9.168181692983378,0.13310750658090714,0.7675132210859088,0.11035009070594573,0.15566004367261219,1.5613030676809063,1.1050348918899824,0.4644697363378456,0.14575330765107833,0.20092309049736945,0.8805937103224128,0.9982791430703795,3.124089039035457,0.07144857223596729,2.359253804646556,1.1208977279299315,0.6179092826708111,0.2299467645854343,0.10924929122124089,0.06022507628370479,0.4973095802937589,0.18054112257116575,7.799338687152651,19.055261374808833
ATG,24hr,1,119,35.9375,74.625,1.2984201231959387,43.125,0.8732764042104838,6.6966606474846415,0.5370687761312761,0.8297626533993497,11.22860119064871,10.1356420482049,2.5250072520446794,1.3237686253914704,1.051776695296637,4.114566678361877,4.521992209589076,24.067769196325735,0.853250783871973,10.680004681646913,38.660703563178984,0.38413661615352873,16.01613769504579,0.09695770985495063,0.9861885209095993,0.13954303845375396,0.22140712195520404,3.748129700093914,3.248591123657271,0.36418072747363905,0.09959548346295481,0.11957315586905018,0.7060902897705621,0.779458373844635,6.706359861298315,0.08313288972427742,3.9740111671892024,1.0597857221516562,1.0420835128451427,0.387330523117856,0.1032929553754051,0.10156759384455581,0.6297545771340237,0.39613745156740904,2.7868522614210924,15.896785832274846
ATG,24hr,1,120,30.625,46.6875,1.0706217458469878,34.125,0.857811213639627,6.195929549583318,0.683146194083694,0.9543729913464772,9.186524354620117,8.035710615035256,2.2438555774523317,1.3163533240542475,1.0388325214724776,3.7684643280001082,4.365143802221439,20.187946417183525,0.9056290248092398,7.8814127329221035,16.87095630563563,0.1735273691773836,9.742518497116988,0.1015538946846481,0.8022754799457998,0.10420417990153166,0.13683450257752586,1.8426233599594455,1.6500036077244455,0.31003165005925915,0.0744123637953657,0.11264654410579891,0.7085808444023816,0.6080348717399436,3.6776332303476056,0.049471680177783944,1.7520309747946083,1.0556871045077378,0.3897318670592802,0.17076325290395794,0.10289347997151442,0.037985562091547784,0.7928177974738521,0.19770233311741128,5.7122819686406,15.835306567616067
ATG,24hr,1,125,25,33.666666666666664,0.8784215883118243,27.333333333333332,0.636441962379848,5.6350948617735455,0.7417989417989418,1.1412594506435305,6.624690763174956,5.751508909591615,2.23606797749979,1.3260266970100423,1,4.142396241411911,4.922037079275587,16.599663291074442,0.9142857142857143,3,3.2145502536643185,0.053426301884981015,3.0550504633038935,0.1474895990013529,0.3391780886034369,0.0325815964409326,0.07042168509066012,0.8637902551263245,0.6166181106101362,0,0.034774483901047426,0,0.24663752493227215,0.4624108033698447,1.3558169278779781,0.020342866060279765,1.4280056022299072,1.2876132313024051,0.19854479501938788,0.13918183257601435,0.1254983656240161,0.01935134454379999,0.5994929644196055,0.5664024815436376,0.512433829632734,2.5752264626048103
ATG,24hr,1,126,22,40.75,1.0574272354850678,25.5,0.9185845561257977,5.29119966281621,0.551438492063492,0.9622581325020982,8.795365419400577,7.992200569724435,2,1.1725032412115675,1,2.9431747586863373,3.3748316051262517,17.06218433538229,0.8641071428571429,1.1547005383792515,6.751543033509698,0.1559982847742382,1.7320508075688772,0.02999829429557224,0.1389297778841454,0.0968502460469773,0.15033698257373865,0.9596989373924629,0.9126737666851218,0,0.03476253874578834,0,0.22426870737761773,0.26993891202295317,1.4143251622656328,0.04337926006839715,1.6816692920784977,0.6212879696852512,0.9183264984607828,0.1639053890914715,0.0605543830102584,0.08950550667259093,0.9189158878610943,0.08182369318467413,1.5588838524538984,1.8638639090557536
ATG,24hr,1,131,26.333333333333332,36,0.8580955756529575,27.916666666666668,0.7245631671763421,5.780026264397993,0.7391439909297052,1.1707603563077351,6.999891091463156,6.360760867354708,2.53224755112299,1.3648519341973648,1.051776695296637,4.038843008247383,4.757527253564653,16.82699012952093,0.9470257694750596,3.312053286059415,6.452624554114677,0.06020423407631928,4.14418175569586,0.06945682257432854,0.36171972207824726,0.06373853574420826,0.08395309712710068,0.524513931546701,0.56316106689648,0.30934947550970837,0.059594836138690425,0.1287337562417358,0.49109949526776225,0.44684764699567125,1.4299133406811064,0.049715588163747604,1.6432452957610526,0.4336816937277851,0.42238046478357816,0.1601603602106289,0.042269170928634026,0.04116768662607974,0.4751968259888224,0.26604169538258615,1.1663136894960071,4.770498631005637
ATG,24hr,1,133,29.2,36.6,0.9242935427073847,30.6,0.6891712327369185,6.087520433710936,0.7987301587301587,1.1124874788818526,7.591442719999254,6.7942638061074865,2.544269870347672,1.392994197807071,1,4.183869910099907,5.020458955686646,18.339696961967,0.9537923666371942,3.7682887362833544,4.669047011971501,0.18753283487824177,3.714835124201342,0.16153807370196246,0.38840969899477734,0.03728723127999843,0.18985808634005913,1.5258601335896023,1.5157421173379981,0.3979491595057093,0.08780072299734118,0,0.8179490932819353,0.782126541182117,2.345835400268375,0.01836281333037436,1.3847566646917546,1.0084328247488505,0.429386933358128,0.1349665365196642,0.09828779968312383,0.04185057830001247,0.824373001761715,0.12360122475540597,3.3150498571749503,4.033731298995402
ATG,24hr,1,134,30,47.42857142857143,1.0088563862518425,32.57142857142857,0.8426762712268928,6.130135942513348,0.6397108843537416,1.0029634720724396,8.602549291480145,7.723085970995146,2.3623758653207942,1.3410343258957844,1.088760049079949,3.8385217856111105,4.448044064274921,19.328066365183094,0.9215986394557824,8.563488385776752,13.352367366340482,0.11951217877233616,9.144345117013444,0.07635844659113089,0.8495427866923534,0.09864726247549876,0.11651329231571632,1.1731316322898788,1.1163632616914119,0.394601464908753,0.13139752804433036,0.16295074402946527,1.0214575786363853,0.9554926705660304,3.030040393468823,0.04771408458550629,1.900134310246382,1.0371944876541974,0.6384018747487276,0.18519827585247386,0.10109108066805042,0.062222404946269745,0.4998809003696608,0.2930905094296265,0.8645896297627552,6.2231669259251845
ATG,24hr,1,138,24.75,34.125,0.8473757824907109,25.5,0.7541598070805611,5.603659826003815,0.7274801587301587,1.1818395218324502,6.944611790187687,6.168169027297126,2.3251407699364424,1.336480157052885,1,3.6730970388562794,4.516142459218041,16.20495128834866,0.9699127369711609,3.1959796173138706,4.54933276112317,0.0341028269694357,3.070597894314954,0.05692818131488808,0.35725187053581114,0.05377271749718775,0.049054583551112876,0.4850580629208907,0.4824826874080438,0.32727515724211204,0.053376692335476705,0,0.3903963453359842,0.3999517124222753,1.1393638009306353,0.030080629304296853,1.4974629432049764,0.6277203911041588,0.46614647589869335,0.1459515539186137,0.06118132466902132,0.04543337971722158,0.544892771347661,0.2040285008935683,2.113556287730696,4.394042737729111
ATG,24hr,1,144,28.25,40.5,0.9275580671648826,30,0.659180818693942,5.948869666392704,0.7472222222222222,1.1429978689612454,7.4268563130342775,6.515406075559561,2.6803373379345903,1.35861004730241,1,4.1,4.932476197410386,18.1317279836453,0.9554865424430642,8.5,21.393145319626722,0.29017804419547705,11.045361017187261,0.2046365561661165,0.8793685848691749,0.1287403358472941,0.2776256571193372,2.4838018032493054,2.0974535896531186,0.29617957362320024,0.049848519402013944,0,0.20000000000000018,0.12593980189991485,5.520903473676336,0.06152239320125726,3.827940046552457,2.4667378301993814,1.309561416410079,0.3730935717887385,0.24042279046777598,0.1276375649522494,0.9906038615636205,0.008285360150551023,7.284373686186062,7.400213490598144
ATG,24hr,1,151,32,42.333333333333336,0.9140440940052176,34.5,0.6500116973336303,6.354510470023858,0.7643424036281179,1.1055216539097363,7.484207305970315,6.856557134886581,2.8592212919914233,1.4469834462643687,1.1035533905932737,4.582843052416534,5.4977256217505195,19.071067811865476,0.9306368380685608,7.0710678118654755,9.352361555600098,0.10774308165735286,7.791020472312982,0.14065382429190984,0.6607832787373169,0.10151757380852537,0.11734541430970233,0.8252700419246507,0.8860863994233952,0.4356883336830075,0.11470163234963768,0.1732779650429239,0.7981600518072878,0.8982980779689825,2.3543886150140163,0.05689201498685786,1.1758158154862788,0.5681520987660125,0.3752636604708558,0.1146019313339453,0.05537544822280824,0.03657540550398205,0.8753385262265458,0.11132543081772067,2.3936577670312538,2.8407604938300626
ATG,24hr,1,157,35,55.333333333333336,1.2258692409344811,41.666666666666664,0.8697981468151212,6.675126941059054,0.6660493827160494,0.8421019519096865,10.091326648967993,8.719925617060479,2.35483170074866,1.3397246151297222,1,4.113159110846556,4.8180578640502025,23.151948040905236,0.84936766034327,1,16.041612554021285,0.26199008852289013,6.027713773341708,0.049189518104500916,0.09537599130513436,0.17568534557353171,0.18632638023465364,1.4420260568092635,1.2018094064362348,0.42679209426108244,0.07877012689913365,0,0.17485851704235664,0.2669885192861,2.8318942131281286,0.09729321254856833,1.2055025793748866,0.8204393069879186,0.5445617021814156,0.1174953781067141,0.07996484473566456,0.05307618929643427,0.8005525905185537,0.28206123146884166,0.9863406363138632,1.640878613975837
ATG,3hr,1,2,104.53333333333333,156,1.4432227505252637,120.93333333333334,0.8734808381007308,11.533419862010977,0.6743200798838054,0.6978428307259862,17.08114444554373,16.208288282691683,4.185476945182379,1.8911930175919192,1.7461592103616745,7.939725822288078,8.289001786639664,43.486570439822316,0.8653342117428215,5.166743471011319,15.811388300841896,0.12437506915414041,7.195898302571568,0.016353946000977334,0.2857321977075836,0.05077424064697025,0.06187898010590537,0.5143232288890889,0.6193812683057225,0.2960141309611661,0.07710038838101096,0.29009034841499864,0.56524859990617915,0.38146308314393895,2.107857188537344,0.030251732829355067,0.7477847343307622,0.30005603304487033,0.20292608748685156,0.07288350237141931,0.029245227392287555,0.019778371100082997,0.3391021229932658,0.2572210325381386,0.4795713802771866,4.200784462628185
ATG,3hr,1,3,165.4,359.3333333333333,1.9509354403751396,222.3,0.7779844039342192,14.433388412897575,0.5137772128241951,0.5454366691130892,23.038292222632016,22.13920600026191,4.846984965999588,2.033950041804361,1.8730796051808374,12.295327590462561,12.13383917779106,63.36535469831532,0.7661049261333193,33.51643961010673,168.97915262833018,0.5161576105486425,65.9864928707331,0.1447354991291058,1.5327863815096026,0.12589628487440566,0.1328753126875506,7.924242949582844,5.776488404519835,0.5633061941057502,0.17368659421449756,0.23935238356585714,2.052529965816528,2.0329833873714542,13.371234456972111,0.08959347494867585,2.908723972420917,1.0260442712683202,0.7129241132354635,0.28350136183439734,0.10000431493843276,0.06948578101710169,0.6048294241959672,0.13518491224963947,13.247787084111346,29.75528386678129
ATG,3hr,1,4,96.5,163.83333333333334,1.3096914709344893,114.5,0.6253929080391575,11.06352859291956,0.6127862877862877,0.7836038230072948,13.252546465836884,13.391066395249625,4.76587359676954,1.9771959856975718,2,9.850093713779742,10.320546295708269,39.8384138786749,0.8530638998922582,12.926716520447101,46.81203548946218,0.22894922118162808,23.08029462550251,0.06924243711451984,0.7477575601178889,0.10026842120357875,0.13814704429409147,1.010835093685385,1.1896255535333071,0.37912877962238867,0.03451725173312973,0,1.6123227076616027,1.3961649972242829,6.085533019454792,0.061985491088495256,0.6868107159289891,0.436061068158183,0.24998054796828445,0.06694061558762078,0.0425010787678541,0.02436457582536886,0.8408230738065441,0.20807806990616184,1.1592072296459122,2.180305340790915
ATG,3hr,1,5,84.66666666666667,132,1.3370567749766653,97,0.742527916546675,10.381463541625696,0.6421245421245422,0.7553107934217446,13.148272381718922,12.853556041741394,4.066930952027077,1.7978170627222925,1.60947570824873,8.609398524938594,8.795407897776476,37.64907405045472,0.8729605263157895,3.2145502536643185,7.211102550927978,0.15652607548371467,2.6457513110645907,0.021975347794333067,0.19810169663684718,0.027479852503312856,0.0948106944917357,0.3826774140913907,0.4232559777722331,0.43601484741486385,0.11280500748561519,0.33820395745152543,0.53112281115640525,0.2047584993580571,1.8848622326280893,0.029063984600034204,0.9214709599819892,0.7803226224317653,0.1996138932699423,0.08981198440370265,0.0760548364943241,0.019455545153015816,0.6218493179775014,0.5347858231368532,0.3803271173829038,1.5606452448635306
ATG,3hr,1,7,165.36666666666667,236.13333333333333,1.2345774691873463,180.13333333333333,0.71263417930195,14.502322815283769,0.7056092192012656,0.8242202823862911,18.83465142888747,18.355779482740104,5.679306725525709,2.4487503618874813,2.1534441853748634,11.426443832564374,11.890126224113052,50.54931213961927,0.9194990887298586,10.899172171453596,24.795346244856088,0.17458334106508533,14.390450217809878,0.1625546675018909,0.4920180214718263,0.06676776852413017,0.10492689873592177,3.4467304679659008,2.6520050152766643,0.5682475638843213,0.16641793061415477,0.11240508513400913,1.4725374308659567,1.5453508568729017,4.4552251229622515,0.03308513816405565,2.4066962844976474,0.9696842551854058,0.6309120996348916,0.23457078796273367,0.09451113598298302,0.061492407371821795,0.4611742858599889,0.2411236112755992,2.0431512702597545,28.12084340037677
ATG,3hr,1,8,141.43333333333334,210.5,1.242900324294596,156.96666666666667,0.7110447143074073,13.406639781198738,0.6772461591198047,0.8093128980836791,16.76166967082103,16.50091968687849,5.220713618950192,2.288720954987074,2.0354101966249685,11.128894462757437,11.361498259319596,46.92958270321804,0.9018095344110183,12.400454200061226,26.77460196426508,0.09955243492916652,14.511549106531128,0.11265154436842466,0.5935190676621961,0.05916453521446934,0.061629803543625634,1.3564894956793356,1.4807906161280682,0.5025616883472817,0.12913062641517645,0.08288503083374346,1.3439875345053005,1.231898909052681,2.9599141627378063,0.026996521202325537,2.120675559190599,0.8594257819162012,0.46920041538988466,0.20669352428758275,0.083764696093197,0.04573103463839032,0.6996966986550586,0.17671175455135837,14.350984233090124,24.923347675569833
ATG,3hr,1,9,114.9090909090909,235.72727272727272,1.669216915248513,141.0909090909091,0.8227095633323954,12.064740064374169,0.48708321906851315,0.6053652849698338,18.40905493822308,17.175125375476718,3.785178194883541,1.8147125347072417,1.6804801249307793,9.731837523712638,9.639700201791394,48.813019776182486,0.8139522712315513,17.739529562277266,27.597430710451686,0.18389912084299287,20.4276995545487,0.12809463947854655,0.9075959186322086,0.0426785911466077,0.06307655507865147,1.4436517965044482,1.1029846645902524,0.5828109781704495,0.15894768405444484,0.3059169898581906,2.132309833788605,2.1998027779677174,3.280718960284202,0.031324794978088676,1.830438425545405,0.952499717051865,0.5506854716970688,0.17840530463405507,0.0928362297321506,0.053673047923690924,0.31905447440924073,0.2630471091744492,3.608101812814179,9.524997170518652
ATG,3hr,1,10,192.03333333333333,394.96666666666664,1.6979915274947213,229.43333333333334,0.941328297815763,15.631205952842205,0.4967427437988045,0.5920972847195759,28.729952129043618,26.135243058959603,4.380525339783935,2.1386691815904424,2,9.570716612363814,9.636181830037785,63.996928770027466,0.8389827081505896,10.334019257916472,68.75116717922502,0.12748936404188826,18.85458571008259,0.007764543269536229,0.419154774071624,0.06464669099006944,0.043827258807866254,2.001611661676976,1.513982046460294,0.3388587553032972,0.05102766595986987,0,0.33746741481912074,0.2671368087586169,3.9252498325514735,0.02760468861282145,2.0509893439255404,0.7162169922320187,0.48310515889530953,0.19990149550931194,0.06980672438908565,0.047086272796813794,0.3119797952495288,0.3252810459026278,1.9803424718452205,20.77029277472855
ATG,3hr,1,14,103.6,166.5,1.7571336739671457,123.3,0.8691025856853345,11.474545716631102,0.6350547214223685,0.5971434956659354,18.0384734592874,16.819999658061906,3.3254661916137507,1.7192146827052994,1.7071067811865475,8.444121780565913,8.577309431928937,47.66406563273158,0.8448331868057968,9.53589709116732,32.05290765108353,0.4238854970062736,16.506227780918195,0.055543516260845964,0.5189920054037058,0.08330150572716995,0.13072341948432473,1.8923589308735778,1.4860878928685055,0.3961966521171264,0.1266866783938258,0.30873656088952983,1.4859540404987823,1.330864445017455,7.6386816704306035,0.048913250815027745,2.5726372992730915,0.9765694597624756,0.7020066733255544,0.2507443761474748,0.09518220855384751,0.06842170305317295,0.37367285017975155,0.2627227476455524,3.0747834433380685,8.78912513786228
ATG,3hr,1,23,136.26923076923077,296.2307692307692,1.8972754591090013,178.19230769230768,0.8689928342710176,13.129492666281372,0.4768523010689639,0.5460089100587041,22.432807646752934,20.63573822169774,4.304443209734365,1.8701246641256193,1.7521672763886171,9.771248439666625,9.861761717752803,56.865059903746065,0.7737125474026987,21.565820535852918,77.22813357439513,0.32626025534906117,36.18841718646366,0.09152801795840382,1.0791605529176236,0.07649659560889699,0.1173936807258694,4.725340998226754,3.46597177821539,0.45895468222754726,0.11852362281479466,0.2832725083110939,0.9959674797589627,0.964986511551115,8.69745612979222,0.06484294568949413,4.566556393907234,1.0401542634701597,1.1092515532220635,0.44508346919173825,0.10137955784309549,0.10811418647388533,0.34805344037553515,0.23546013686089592,7.728623248226004,26.003856586753997
ATG,3hr,1,43,89.55555555555556,155.55555555555554,1.3931421156050698,106,0.8259707436049526,10.676411500996766,0.5797374278143509,0.7230925069253143,14.98077484846052,13.777164516176537,3.9123447278808863,1.7978518991597927,1.5769320172694576,7.97387878673434,8.426396444501288,39.56029739787435,0.8464177544972425,3.5394600969325505,16.156354099170326,0.12960187336466625,6.726812023536855,0.022099828417429752,0.21189921218501,0.04584277928817009,0.06416111391228967,0.26550376059242903,0.2974140732747704,0.17393553834815104,0.034631019578240746,0.25830753922587324,0.5130301003121448,0.49364404262889305,2.1622656698657114,0.03387567686287185,0.7502684109400315,0.42942308166187204,0.2475703314189895,0.07312557611501282,0.04185410152649825,0.02412966193167539,0.27821301532939435,0.3033960953463181,0.2249754794515655,3.4353846532949763
ATG,3hr,1,51,92.0625,140.5,1.1855756216272355,102.375,0.6027448456296151,10.816200095319129,0.6698579766193402,0.8616404590732353,13.182118575551668,13.431320168127781,4.537930689139576,1.981774509309934,1.8535533905932737,8.963332759974975,9.537525105271538,36.97240257669732,0.9029929492676358,8.354390063513513,28.890598240027266,0.18952408044064886,12.74820248767122,0.22749982264583624,0.4925374681646297,0.08475177853469867,0.12201952313605484,2.217616611329364,2.38878234895106,0.4094680263499123,0.10119740150260922,0.21389896384589918,0.7414044107835356,0.8734141132821321,4.228734393296691,0.03878101355854979,1.1478965849772338,0.5062560253435101,0.3068558144359374,0.1118807587697109,0.04934269252860722,0.029907974116563103,0.46500116082600756,0.17867517975146813,2.2544943224464564,7.593840380152651
ATG,3hr,1,62,104.41666666666667,219.08333333333334,1.6037178705734818,127.83333333333333,0.8796655469500508,11.504652619765588,0.4838036844011109,0.6321618128761678,18.201106387620243,17.31170172272869,3.580991929999032,1.7666487835619995,1.5118446353109127,8.512992894818462,8.460672199795,45.76252702659949,0.8189786663031364,14.138653229763971,44.37742737705804,0.19579722922198867,18.492422690650812,0.035778175673670476,0.8025395337420747,0.04751659104170596,0.07727314685182143,2.2100314320247483,2.424492478461321,0.31879910564801167,0.09682780568501292,0.22801706159834262,1.0339796094363871,0.7729809508590633,4.904984907284057,0.04468089249520593,1.7534283942539264,0.6854855302574927,0.43871664552668393,0.170899453630987,0.06681145519078877,0.042759906971411694,0.4912677272073312,0.204291359759161,2.8587139039852527,7.54034083283242
ATG,3hr,1,84,195,262.5,1.112890502508431,207.75,0.6970952020619243,15.748641273671591,0.7432422969187675,0.9002698067080517,18.75116652812378,18.476757708258738,6.624792598824239,2.787028338153692,2.38415776431139,12.946735558879494,13.337583414219935,52.196960646232526,0.9386741281409877,14.65150731722394,21,0.05584241061287828,15.628499608087784,0.057729072470740515,0.5910547144039554,0.01699142785945851,0.045438066154104215,1.2475032117071254,1.464888887846127,0.3866488890687596,0.08928892691986012,0.29617957362320024,0.041136158888476104,0.44696040678314847,2.755286470358958,0.00889350270794823,16.060867430791234,9.557142202329326,5.754463732548892,1.565386689160939,0.931495341357634,0.5608639115544729,0.9987574956822427,0.0019385822601140196,28.57175664381777,28.671426606987975
rIgG,24hr,1,1,52.76470588235294,71.3529411764706,0.9726329438253701,56.23529411764706,0.6930282257838833,8.132970061404897,0.7416149161684876,1.034394022999407,9.836072783878661,9.241395530424594,3.394053660345929,1.6782738848437864,1.493222135932367,6.159777408521341,6.849774310872072,25.216246484308737,0.9376520356378176,13.993433333910168,18.76479808201579,0.08082812987516998,14.575361967052078,0.10481376793275742,1.049626043300624,0.05736748287749005,0.08037216721836003,1.4973770901240226,1.4607863262259966,0.5103182684469327,0.16450207660500796,0.2615924904487494,1.0518207439289093,1.0768765217053613,3.681109567739877,0.02445687954452145,3.182276984333679,1.1387112521579108,0.7828329819361214,0.31290825804657607,0.11196767474512397,0.0769747278206609,0.621905321593333,0.15388652989794,9.664534496390036,18.219380034526573
rIgG,24hr,1,2,80.9,121.73333333333333,1.2006267188104247,87.13333333333334,0.8841673741160374,10.1420462270947,0.6693647895314562,0.8360413044367714,14.95004195109475,14.377060485304387,3.722258396466139,1.7994694946980698,1.6680543520114206,6.652794033708292,6.93411532403124,34.912558902804555,0.9292330119453122,6.03638393696779,14.843861690444891,0.0755701987774517,7.209827265295771,0.018322531874547205,0.3859303535732447,0.04812353219694909,0.051748571079358444,0.9444436800358897,0.9469361493417681,0.21526029937470842,0.05157530828759634,0.2744709400838701,0.2885021461523502,0.2819810621561131,2.0290944123485932,0.019053887949116124,1.07220172166421,0.5070502192852298,0.2697513297712831,0.10542789790208554,0.049857445357446385,0.02652422121644868,0.4397803784040266,0.15585092198158548,3.444862624996115,14.704456359271662
rIgG,24hr,1,3,94.63333333333334,144.8,1.2098521725932125,105.8,0.7231311941486703,10.957553180939652,0.6601665234496431,0.8374393110579466,13.978563720254039,13.81722773256199,4.387347810078931,1.965720818697371,1.8633164978870556,8.702844858709662,9.14348220718444,37.832898004646765,0.8957813502717914,10.813412276310899,23.113512990426635,0.143497969068166,12.761472188340697,0.1173440070127781,0.6614486742020738,0.061460559801132054,0.09595687864403886,1.9034215835314487,2.004533943559594,0.4368924669190639,0.12617245087981743,0.2519954064344304,0.9980706384847533,1.0136986988419936,3.507733882731452,0.03704860848934209,3.5829110700812845,1.5445361913303453,0.7865956734622195,0.35230197345932,0.15187179855755606,0.07734470732175217,0.34053379229543224,0.14603924467418455,13.16450482799572,44.791549548580015
rIgG,24hr,1,5,46.8,71.9,1.183099942790375,54.1,0.7916026795719305,7.663033015775447,0.6634495839257744,0.8829196737033328,10.917223515037755,10.070289430766689,3.0764495804018814,1.500757303059966,1.2140103405594325,5.5735518688041115,6.074863443834736,26.257295560470588,0.8735675861714032,10.832263430810883,19.30043772953671,0.2588481247867146,13.787425555493522,0.10629625335504433,0.946246136642817,0.0819627935891599,0.18307124481659504,2.6400045426685703,2.2180927145329585,0.3743380077505395,0.10653275291303638,0.20698772007800897,0.6191532227194625,0.5332388059055022,5.354271401088934,0.07322243843065215,3.0351306628528425,1.0675800024865552,0.7084427326134176,0.2984395932008695,0.10497345157193266,0.06966005237103419,0.3495444002203855,0.18128820684589134,4.953079269523613,30.959820072110105
rIgG,24hr,1,6,107.93333333333334,146.2,1.0287257234623586,114.7,0.6049984648095991,11.716785043749686,0.7415340372525687,0.9745849783356205,13.441215549879832,12.942150557421055,5.053199967261922,2.219283926177232,2,9.672631509307262,10.382637107568138,37.33624817342638,0.9414838003370175,7.099943337963962,14.169904971331027,0.052900890334988016,8.137397703154882,0.1281506064428924,0.38318506420062337,0.046793855008015514,0.05056518300251202,1.1494224362340133,1.017470976818575,0.18147886035561567,0.052212281096205654,0,0.6862301207927034,0.6752870635731429,1.861212259048651,0.01720633591941146,1.9975098895338592,0.9968795026224965,0.4631476267331779,0.19641198520490258,0.09802158334537822,0.04554057293344915,0.33377200117603123,0.20486926797841298,7.643995866717237,28.909505576052396
rIgG,24hr,1,7,39.94117647058823,63.470588235294116,1.2058048505352001,46.64705882352941,0.7640648563885206,7.0137544828462435,0.6573552047081459,0.8908992281909833,9.918659999240992,8.990872274361529,2.65223289058804,1.4046418008109638,1.1583757738485363,5.0067226782120064,5.611481215215077,24.181429831835985,0.8632605128975706,15.388593942573564,30.724822308393467,0.35870363663452887,18.641154660021023,0.14653168987399473,1.3288356698440287,0.11641927179205196,0.2251954185087833,3.136892247303998,2.7362344984027747,0.5818199785700032,0.1810653582610406,0.20092309049736945,0.8230837517116187,0.9341630044795936,6.732833410759956,0.0784788132971169,5.748335776338284,2.4004805016152497,1.4990693131054735,0.5652247567687595,0.23603544755312192,0.14740111239975157,0.5572299346297174,0.1821106177396094,11.372875518880088,38.40768802584401
rIgG,24hr,1,10,78.125,104.5625,1.0022822855580893,82.875,0.5882729793946135,9.965546041818682,0.7520275673400674,1.0013189862214333,11.327857514901357,10.950427733898142,4.388959806724337,1.975714847660157,1.9816941738241591,8.090318655025904,8.93091259425147,31.340358928434313,0.943007350226206,6.479454709567259,12.355666716126652,0.06270876445172192,6.974955196988724,0.1273298001981189,0.4127714729504866,0.062356045743410846,0.06149367648821974,0.9721928088569299,0.792048782790157,0.22985633764481894,0.061906753995637005,0.07322330470336308,0.4745044240709307,0.46282353901161183,1.8497305589063628,0.019854165576362673,3.6966743893419456,0.9909926317742809,1.0381634879542314,0.3634881405449307,0.0974427366543049,0.10208097226688606,0.1713188497443278,0.30215187038197544,0.7202772709741548,14.864889476614213
rIgG,24hr,1,11,84.4,130.6,1.2239169216974788,92.8,0.8884935913544475,10.362508858963032,0.6467887667887668,0.8175072337784101,15.505789513315047,14.312988371157964,3.6844410203711915,1.800920076202585,1.6485281374238572,6.880555335760554,7.109760514671842,36.0048773235279,0.9090909090909091,5.128352561983234,9.126883367283709,0.032015604312476825,4.381780460041329,0.008469683570359205,0.3158870913008429,0.01827831985579145,0.02190541026798663,0.4002025229121671,0.4158784183762396,0.1764028323401219,0.05702781942028492,0.24505204822411392,0.3796823866770481,0.27927560065125545,0.8319729270353785,0.01801732726367466,3.030132993865523,1.7089469015238548,0.9479234479339648,0.2979481803210937,0.16803804341434167,0.09320781198957374,0.9807026104017753,0.017105262228135364,6.629709033709794,6.835787606095419
rIgG,24hr,1,12,50.9,76.7,1.0739161681703597,55.7,0.7302476919753945,7.96888441637641,0.6708364968364968,0.9465355204371362,10.478386923065294,9.683040677545085,3.208153743461713,1.5824859723632099,1.2899494936611666,5.764790560463457,6.3892840730578495,25.952186130069784,0.9120951692711056,14.502490207623731,20.843597471539205,0.13556661580193133,14.914944034610238,0.2192294512099357,1.204055178438903,0.08271529517268122,0.1372208174619988,1.9487368963519323,1.8069997346759925,0.48045066611417375,0.16669140533741839,0.17464777264416004,1.397870630579676,1.4468051130704753,4.353922301239242,0.04631211509809482,1.6491770191127688,1.0044056881401184,0.44888069025737826,0.16216096549781403,0.09876162125271569,0.04413772765559275,0.6693668092426192,0.1523365391009732,3.960084850527169,9.039651193261069
rIgG,24hr,1,14,50,78.57142857142857,1.2696613528886997,56.714285714285715,0.8458674709454116,7.827397805099913,0.6533984533984534,0.8106806032736479,11.814257998310802,10.685366662520803,2.7189656075480184,1.4562494558320684,1.2366934642131973,5.24996738922876,5.793294876348111,27.870779204214998,0.8811596301491772,19.714630776828326,35.6971387408811,0.21212941149584624,22.081019645193663,0.09946505691067199,1.671164557144026,0.1118823580791771,0.1631780763096828,2.9680518298345433,3.075726879195204,0.45654174230425926,0.18627486177850708,0.22140646219360574,1.3429686917516224,1.3093972020346702,7.276957642967859,0.04250001491478014,3.378111492934808,1.2787522265257225,1.1192212540778619,0.3321643552541601,0.12573768205759317,0.11005125408828534,0.5362618193946664,0.2984831594457447,2.079613476346519,7.672513359154334
rIgG,24hr,3,1,81.06666666666666,103.46666666666667,0.9376362413044531,84.9,0.32116856260281484,10.152778469045515,0.7854818555929667,1.0673154588625875,10.467155103536625,10.148456214379301,4.7465342343985855,2.060287362139506,1.9804737854124366,8.849489657875964,9.864437061021226,30.88690714874787,0.9552855224713263,6.022562940129069,9.328241632484817,0.026190396046083052,6.619459296597445,0.08919352329318748,0.37834729304548137,0.03998827022441461,0.02978766683966897,0.3551676063466332,0.4260926702176857,0.32760272674052754,0.06299901721175195,0.10694948192294959,0.5039572581637458,0.4585651373374604,1.33902923574809,0.019027353227740396,1.257002140397884,0.4644554437028036,0.3206865560167027,0.12359903052093255,0.045669168505683734,0.03153260137824018,0.18581803107655823,0.17795386395090135,1.6453996146758074,13.469207867381304
rIgG,24hr,3,2,34.875,43.875,0.8431323721829701,36.25,0.5392674175092129,6.654276132516534,0.8003826530612245,1.1896613175564505,7.266692847345979,6.674939472735141,2.9762295868219164,1.5288094455799877,1.33654851942814,5.108757210636101,6.070247685499964,19.20495128834866,0.9645165598290598,3.9798600118956085,7.079901129253148,0.04944666883928116,4.862392121462145,0.08021035787155407,0.37771988844282406,0.043148253708886544,0.07036103550270939,0.5281883230713362,0.6049160842131677,0.13962171966054343,0.037907036007681257,0.1540923762377288,0.5612229124470929,0.372229366749872,1.5078592308702294,0.03266029248209541,1.2401970176787502,0.741651838685105,0.2955147351242862,0.12194660940794004,0.07292545119814209,0.029057496079084193,0.3595221826693107,0.36344397008877244,0.3028761272886082,5.191562870795735
rIgG,24hr,3,3,22.4,27,0.7674131208269822,23.2,0.4556818518462659,5.338029220627357,0.832,1.3045580521306448,5.6431948672046195,5.096836864145458,2.59148346584763,1.3504664741707104,1,4,4.977723725113089,14.691168824543142,0.9664335664335665,1.51657508881031,2.7386127875258306,0.029160209153577952,1.7888543819998317,0.1048389621479349,0.18031168083397686,0.033466401061363,0.04868225219458122,0.2849096336643174,0.1667857168940749,0.32444846709137776,0.039032725005749225,0,0,0.2108154480290033,0.6481519981282684,0.033225983267705116,0.9727771274866772,0.32802021912412693,0.43009684818552524,0.0956516349544422,0.03225370886176272,0.04229074220113326,0.9007039406177878,0.11191765741495381,1.0449268709019233,1.3120808764965075
rIgG,24hr,3,4,46.46666666666667,62.9,0.9301942105806191,49,0.7013729727899014,7.674900202365906,0.7390518707482994,1.0776600598257386,9.144842725367793,8.479376509650267,3.2667053431330224,1.6317768449156596,1.3935028842544404,5.795987723960911,6.470437145362056,23.238953809414117,0.9478966479398939,6.055680338972335,7.222331269439061,0.0473937025456011,6.074253182419871,0.06143729561050576,0.5177248594448927,0.055520387077074254,0.05317496049875961,0.47331665611492857,0.4914868443792238,0.36479025784711816,0.0959827872029476,0.08337661303267793,0.5832436020330876,0.6374526406835449,1.5556969733064454,0.030955880625836506,1.491733735964136,0.6079766166585144,0.38313329328156426,0.14667981671230443,0.05978137823584213,0.03767289019484407,0.20571450902320712,0.22914692548475232,0.6899925929012004,17.63132188309692
rIgG,24hr,3,5,32.125,41.5,0.8545999623476682,33.6875,0.6201908913788513,6.364609995364391,0.7770822704081632,1.173132899375399,7.236719677750398,6.6038199866266725,2.7979533764883424,1.4723306709045676,1.2071067811865475,4.774152131141475,5.602271215862245,18.49156294070034,0.9536688879280327,6.4485140407177015,8.115828156551041,0.044484356927583624,6.650501234242925,0.10134885927599714,0.648740302658251,0.06687531644176281,0.06141376654262829,0.6396299259244376,0.6446179926996324,0.3409115670238392,0.10552622015095482,0.2138989638458993,0.7066414033898244,0.7560509008125395,2.061940379454078,0.031177078176989705,0.9309475182447212,0.4315175889088622,0.27734752517746053,0.0915385956976127,0.042430441387302086,0.02727114308529602,0.30444559054892956,0.3160699053249066,0.4133888612802944,6.472763833632934
rIgG,24hr,3,6,64.53333333333333,84.66666666666667,0.9688265862549689,68.46666666666667,0.5859541552508236,9.052147471706046,0.7680525359414249,1.0343228625394165,10.2697480707072,9.691988325916572,3.9883230264638843,1.839620412864743,1.6778174593052024,7.231869237260801,8.089472885101392,28.001289065583745,0.9433377775639955,6.7860573761679674,12.206084783710395,0.04460787728543485,7.537187499478757,0.13314720541836997,0.48247004987802194,0.05810299666846544,0.04830950645896721,0.9207322349902233,0.8501697337409612,0.16592302924059577,0.06571155234500049,0.2810385839652358,0.7347070880304505,0.6132773557402397,1.8906354337707767,0.02111689253342666,1.1213698828670116,0.37550303044827193,0.24695862796985754,0.11026252535565502,0.03692261852982025,0.024283050931156097,0.6810444333680922,0.1084416247786891,5.853557751564489,10.889587882999887
rIgG,24hr,3,7,68.4,89.33333333333333,0.9668552753025764,72.7,0.49258783371978004,9.317366432251465,0.7736892914184581,1.0379846804579926,10.16543839762019,9.79242303933936,4.15811799759952,1.892155884221948,1.804737854124365,7.779961292807495,8.66234619076266,28.801289065583745,0.943200092581201,7.717423189747675,14.921249215830407,0.060579519556472755,9.458256746867002,0.12756718337497938,0.5345971351743641,0.05976137123270309,0.06139947107542015,0.9215533682949432,0.9145100545905871,0.2817214043970975,0.0724457304199281,0.2701254792373897,0.660868700676544,0.559889015251608,2.322870079244742,0.027133858507252025,1.862048728938158,0.671200143622204,0.39515842082926805,0.183092303730399,0.0659980475538057,0.03885530194978054,0.16336363723911754,0.20157727682853122,1.330920593944603,19.464804165043915
rIgG,24hr,3,8,32.89655172413793,43.55172413793103,0.9876751293320175,35.55172413793103,0.8114283007797294,6.442985606394009,0.7569930213464696,1.0181294705937745,8.622417018525702,7.774287889800784,2.6407053765590973,1.4087203660085565,1.0928409708767282,4.1057806292681915,4.924321603464079,20.094943265500824,0.9229795520942313,6.06126358576804,6.962071771373353,0.0777712668946233,5.8284168819460485,0.06646128384846989,0.6216534253658405,0.09287973368348659,0.07475550583548676,0.8186267502172965,0.8073985205675098,0.3671112283833853,0.107175661100185,0.16219257759822076,0.532235258580331,0.66098674944967994,2.011149210897446,0.05696194935749907,1.6857964223572222,0.8694431230396698,0.3872827802921642,0.16576169344712116,0.08549096588393999,0.038080902683595305,0.11408221479106227,0.1847971940880372,1.339319161513127,24.344407445110757
rIgG,24hr,3,15,29.166666666666668,37.166666666666664,0.8106522076428928,30,0.46805239136539983,6.071584024980871,0.7858654572940287,1.2401604412015559,6.512494796556769,5.913262127845323,2.8570226039551585,1.4534515268963335,1.1380711874576985,4.777169857736158,5.646962047693562,17.209138999323173,0.9771825396825397,5.52871293039046,7.332575718440736,0.06711988183382667,6.6932802122726045,0.15451145821739357,0.5713361347291034,0.026714546102566152,0.09558071907531972,0.718476501872873,0.7999982555407509,0.07004433301233744,0.06702018628589151,0.1069494819229497,0.6887508841406367,0.602170352561799,2.2903608376704203,0.03919843599854043,1.2122578772677646,0.6034800422353085,0.37832021035188,0.11919939796143211,0.0593392371912791,0.03719962736989971,0.39391652613751377,0.3479712706915612,0.4768477853604926,3.0174002111765423
rIgG,24hr,3,24,27.666666666666668,38,0.8469863871580042,29.333333333333332,0.5570808877136271,5.929225097542273,0.7380952380952381,1.1844885867033894,6.5353278433135875,6.058710423310697,2.8284271247461903,1.412926995387842,1,4.554255346917369,5.385314776539156,17.151948040905236,0.9439889612303406,3.0550504633038935,6.928203230275509,0.05784276964058981,3.5118845842842465,0.07431860831561712,0.325385495253683,0.09523809523809523,0.0841705362759277,0.5883458089357939,0.6618474217668764,0,0.0329281031600514,0,0.4879931891039416,0.15353401903138272,1.4211350514108696,0.015762577505217756,0.7570848720119118,0.651352945460919,0.14952752450424978,0.07444295693332466,0.06404650397845812,0.014702804769346095,0.732323673344935,0.37855149148180384,0.605298835734095,1.302705890921838
rIgG,24hr,3,26,33.75,44,0.8431131905428677,35,0.5116110991305197,6.51834183958295,0.7614087301587302,1.1879579697631466,7.038476983411947,6.508424291458635,3.0656013812390923,1.5115063673657247,1.2588834764831844,5.048097038856279,6.046594682025914,18.838834764831844,0.9694196428571429,8.381527307120106,8.48528137423857,0.03902335618475068,9.626352718795768,0.03325512085258295,0.8025412115308885,0.055137671553929596,0.054112635834082115,0.8359192893687448,0.9240586145558554,0.3689411359462264,0.1063989424880831,0.198289646508161,0.72269522049105706,0.7821927167848475,2.761194367300166,0.025550642905632658,1.238754894302795,0.9500079280725132,0.3485795360504381,0.12180480769938988,0.09341277562168272,0.03427527394792902,0.5370746709940319,0.40559598239441746,0.6957028801137152,2.8500237842175395
rIgG,24hr,3,27,26.25,37.25,0.9659588669712613,29.5,0.8646688048432132,5.74542095454275,0.6984375,1.0648390130581338,8.298058188607037,7.727805679252265,2.266123775561495,1.2659632128475637,1,3.5,4.1649764749819305,17.803300858899107,0.88485285795133,6.946221994724902,6.3966136874651625,0.18533999610272622,6.454972243679028,0.01055196458750394,0.7417781378993794,0.07845762524021063,0.20586918708997737,1.0124799173457033,0.8414427163837414,0.39103799275759266,0.0859609293250198,0,0.5773502691896257,0.5136723989200085,3.781511820097514,0.057523826224539415,0.7066466300285147,0.34913163300090966,0.31737475244375957,0.06948344444724824,0.0343295607670511,0.031206956975787566,0.622339528651277,0.3342374449480609,0.38191358730177216,1.047394899002729
rIgG,24hr,3,28,26.666666666666668,37.333333333333336,0.8811046613210669,29,0.6619889685692297,5.817450513777716,0.7126984126984127,1.1352648872502378,6.831752714172269,6.243957723657246,2.433521026581923,1.368411613417322,1,4.333333333333333,4.990042328463856,17.151948040905236,0.9202558516284007,3.7859388972001824,4.041451884327381,0.01834229392787694,4.358898943540674,0.15380348641928443,0.4067997898568657,0.026226526415648124,0.023486624254061672,0.11369891950430919,0.13959913241686156,0.34199871311964647,0.077823145081315645,0,0.5773502691896257,0.7803501574138632,1.1547005383792506,0.007490251756041105,0.9930942105919028,0.7391869402161616,0.3590791053505057,0.09764938157245849,0.07268308163384087,0.03530767997546762,0.996122063015018,0.005484231078189633,1.4669077989352035,1.4783738804323232
rIgG,24hr,3,36,83.5,103.375,0.9484994825820247,87.125,0.40208037910922384,10.262051616557365,0.8133122895622895,1.058949260691762,10.986380705220276,10.59047993544962,4.707381069014753,2.0608299812410014,2,8.704101119132849,9.668002555094466,31.47792206135785,0.9607953278172948,18.8072934180941,26.338117407503304,0.07137934737584076,20.999574825627846,0.17128693216676927,1.0721399719378257,0.05107390697298425,0.0707735751035303,2.0511643226062373,1.6790251378494254,0.3217158836729293,0.09350155946316907,0,0.5791636893617913,0.42490687761535,4.579671050242187,0.017188237411487704,2.6557450410909924,1.302438199121631,0.8675679144342463,0.26113520561366693,0.12806668624598141,0.08530657959038804,0.6498272987277218,0.3362544826952514,1.9950535014800783,9.117067393851418
rIgG,24hr,3,37,29.5,38.166666666666664,0.8697291040319728,31.333333333333332,0.6056014354013046,6.114106771217068,0.7799508692365835,1.1533250322395199,6.913320623209499,6.442425232584112,2.8570226039551585,1.4257759271236135,1.0690355937288492,4.645401115790754,5.462923735003117,17.932996624407775,0.9449580961416825,4.505552130427524,7.547626558506102,0.05258234030869257,5.501514942874069,0.0907025331508693,0.4625126504365933,0.05524213579618034,0.07033973341714976,0.37871370801413573,0.4406682959735766,0.07004433301233744,0.05479557065795213,0.16910197872576277,0.6358444527492655,0.6279530901632164,1.8015972820623225,0.03130936266117547,0.6764250014158752,0.46812629626919755,0.1650552157930878,0.06651179954925027,0.046030117627256395,0.01622961807208336,0.3885379204542953,0.36677761594600283,0.241566350832706,2.340631481345988
rIgG,24hr,3,41,22.333333333333332,30,0.830492582797861,24.333333333333332,0.5351502109393449,5.331305235146143,0.7601851851851852,1.2077605105757288,5.921435051193626,5.289783042620598,2.1573786516665265,1.3117300270546866,1,3.7475468957064284,4.828554062732586,15.266329957741108,0.923076923076923,1.1547005383792515,6,0.0551363606937714,2.886751345948129,0.20129575998019256,0.1389297778841454,0.11818892248927969,0.08262456679092346,0.3340696659901315,0.16520606225365608,0.13629391035655417,0.020686319678066733,0,0.6586641000704895,0.5860929400324576,0.8948035638346066,0.06661733875264915,0.5377963859501128,0.3362576069915931,0.2850188745472519,0.05288066725173184,0.033063678170264815,0.028025454724410214,0.8167687565367352,0.2591281095562355,0.42606361617098065,0.6725152139831863
rIgG,24hr,4,2,40.76923076923077,59.84615384615385,0.9735899831768592,43.69230769230769,0.7939774234852572,7.154829199987956,0.6752594627594628,1.0280932211428737,9.22302718419319,8.46775060423696,2.821862707721172,1.511905174083204,1.286763235489066,5.021253763166796,5.591119501546985,22.159862345138606,0.9306416916170813,9.444167919531488,10.846244771395565,0.031134279496763114,9.551479949765335,0.04276069767370855,0.8815898165923653,0.05684757592444841,0.032774032178399984,0.8849780071431481,0.8095058244478408,0.4548059260134079,0.1371010054046061,0.1989817590714961,0.8465041201009732,0.8657629115805728,2.617830901872641,0.02432245459723818,2.8359455281154813,1.028846336153158,0.7183951474145072,0.27885403422964417,0.10116483148015319,0.07063865756288172,0.3239725344778829,0.3248221094626514,1.6805640226618357,12.346156033837898
rIgG,24hr,4,5,78.6,100.23333333333333,0.9580872047902541,82.6,0.4961564262584179,9.968275440328377,0.7873088545386525,1.045375145530642,10.772261189600933,10.444489286981812,4.516065428933065,2.0126556298841143,1.9121320343559642,8.45339546364042,9.283272473662862,30.67506251343696,0.9520166943144984,13.880276256815542,18.436626464792816,0.03842179878370412,14.57584208249366,0.09032735269984703,0.8570878693515427,0.0516938273352249,0.042049489732546845,0.9175442840816758,1.0566587878399851,0.46068132630838665,0.13395000990112402,0.19074926517786156,0.9575298915621828,0.8970442256517945,3.0220055922772215,0.01909676858683089,4.751375193929392,1.5437836214802612,1.0674928350198345,0.4671952009763414,0.15179779955558123,0.10496488053292374,0.17016137666944584,0.2653371507887772,4.852163202583094,44.769725022927574
rIgG,24hr,4,6,101.76666666666667,156.53333333333333,1.2145752305996464,113.23333333333333,0.7363713781981989,11.374810521230485,0.6514473916396993,0.8283551064337119,14.53694927536752,13.980286675046873,4.486112995568029,1.9998056894434155,1.9902368927062182,9.489939823025157,9.682077757849589,39.332898004646765,0.8988777139858293,7.994322698158916,12.110791236241177,0.09666735099084378,8.307384888047556,0.06794263495822678,0.43986276306402533,0.04147051685071663,0.06551806839468682,0.9143315204113935,0.8417456103795666,0.42522633850811,0.10998765784259426,0.053474740961474775,0.5352476391688633,0.554235526609038,1.7545758588814866,0.028991205336919252,3.0884465132748673,0.9402408886617993,0.8538263176766288,0.30368205636921014,0.09245239809850535,0.08395539013536173,0.18960865628099935,0.20684842871261386,2.8909960449925403,27.26698577119218
rIgG,24hr,4,7,86.2,111.63333333333334,0.9517613386879578,90.23333333333333,0.4787101461378095,10.459151475996475,0.7750707593939917,1.0516804798534662,11.221526164810301,10.814652838490856,4.8729536436919245,2.1014040452848084,2,8.885114652246806,9.771074357136957,32.057330427821476,0.9553280304884101,10.08378691864766,14.300912276985095,0.029848378410946643,10.397888821968765,0.09686821161918442,0.6097476795831325,0.05065566193275749,0.03291627480129569,0.67937364547336,0.7021768980291734,0.3537817168863147,0.09688904781159806,0,0.6944055521589994,0.6675076496096841,2.0056580194653257,0.015366051771236384,2.617613755486686,0.9439860840275917,0.7092087420357911,0.25738581666535754,0.0928206572298517,0.06973537286487622,0.12805564868647445,0.17263275450423174,1.1841548633469814,27.37559643680016
rIgG,24hr,4,13,25.75,36,0.8730386347616438,27.75,0.7200201355952248,5.717041138234584,0.7176587301587302,1.1481174374258027,6.882380740743176,6.224904303624893,2.3251407699364424,1.3482851122212687,1,4.1100665095324604,4.759269774622721,16.77817459305202,0.9284535439653445,3.2015621187164243,4.898979485566356,0.04978766305979251,3.4034296427770228,0.0285659423766394,0.3676210016921496,0.059350276144325205,0.06299524116961956,0.54832323729386,0.5780039339108236,0.3534975718527979,0.04680542004941052,0,0.21377983734901895,0.2427391537983406,1.2032103931437792,0.04545968784133396,0.6707692694916796,0.45668740516352396,0.2628392915603106,0.0659556803826627,0.04490534957360118,0.025844571441525133,0.43437656569305655,0.491458096663963,0.26217518506603515,1.370062215490572
rIgG,24hr,4,14,79.8,130.85,1.1954299031324038,86.6,0.8578858678752264,10.019751221996673,0.6166217008300342,0.843951287801573,14.424731125724257,13.578142391650621,3.587575269698749,1.7848566554742162,1.5899494936611667,6.7201425570248245,7.203346107718941,34.501933598375615,0.9222879568714984,17.587675110413933,31.17569059717084,0.10783022464296077,19.12947574047086,0.04734326230595124,1.1281569129206772,0.05632712745780123,0.08732396254362637,2.2163824421530323,2.278976961630475,0.434443000011388,0.11625678443935905,0.27541472575888576,0.7566244990130416,0.6772216108126945,4.986359155370565,0.022812794424790013,4.325934527886483,1.169665075235338,1.0723771184098378,0.4253622937941478,0.11501131516571661,0.10544514438641474,0.6656143507845744,0.30499601309921054,6.180907227223469,22.22363642947142
rIgG,24hr,4,17,27.75,48.75,1.2707852524206478,34.5,0.931190350757629,5.919149823862262,0.5700000000000001,0.7894885708279082,10.389614819481308,8.575268317921251,1.9125703849682212,1.1985679386871495,1,3.205076458749718,3.7333841275677524,20.933504678941933,0.8014566986341181,5.852349955359813,8.539125638299666,0.0846952546551868,6.244997998398398,0.020895086028902637,0.6282915767615354,0.07606040484499925,0.0515152908241209,1.0017146582958394,0.7872088038600171,0.3503798368295189,0.09752732980722528,0,0.49177397277384144,0.499227981951874,2.1143044223061818,0.04228485947219617,0.5150603544234972,0.43578187812311886,0.11471476954701267,0.05064506926484731,0.04284974219499694,0.01127972168603861,0.7317814731075672,0.3481638768208075,0.4423046208343321,1.3073456343693566
rIgG,24hr,4,26,38.333333333333336,53.333333333333336,1.1465599842112506,42.666666666666664,0.8939199536374023,6.980391033644731,0.7222222222222222,0.8771652853219921,10.567319596558747,9.308640631696973,2.5522847498307937,1.38835018471571,1.0690355937288492,4.260392236007739,4.713304737743156,23.428090415820634,0.896969696969697,3.7859388972001824,5.773502691896258,0.10878073627848124,2.309401076758503,0.022015439129647,0.34997906850299665,0.08494006601607283,0.07891093387776144,0.23393728716879802,0.15431910082788966,0.4782926234762006,0.08417421098171633,0.11957315586905022,0.649796615639165,0.41142994104461184,0.19811529142685075,0.042234423832625316,0.3998404742447587,0.3663861644687376,0.047311538605079896,0.03931568085002544,0.03602617153084932,0.004652068692731554,0.8396078182948029,0.22682879866609953,0.4977104238745153,0.7327723289374752
