Area_Mean,BoundingBoxArea_Mean,Compactness_Mean,ConvexArea_Mean,Eccentricity_Mean,EquivalentDiameter_Mean,Extent_Mean,FormFactor_Mean,MajorAxisLength_Mean,MaxFeretDiameter_Mean,MaximumRadius_Mean,MeanRadius_Mean,MedianRadius_Mean,MinFeretDiameter_Mean,MinorAxisLength_Mean,Perimeter_Mean,Solidity_Mean,Area_Std,BoundingBoxArea_Std,Compactness_Std,ConvexArea_Std,Eccentricity_Std,EquivalentDiameter_Std,Extent_Std,FormFactor_Std,MajorAxisLength_Std,MaxFeretDiameter_Std,MaximumRadius_Std,MeanRadius_Std,MedianRadius_Std,MinFeretDiameter_Std,MinorAxisLength_Std,Perimeter_Std,Solidity_Std,DistanceTraveled_Max,DistanceTraveled_Mean,DistanceTraveled_Std,Speed_Max,Speed_Mean,Speed_Std,Linearity_Mean,Linearity_Std,Displacement,IntegratedDistance
-0.6789127558127467,-0.628349551334925,-0.6345364525172469,-0.692312490938187,0.4939173520049014,-0.698998493950082,0.180640597503653,0.6305837783019559,-0.6019572884126037,-0.6226260496482892,-0.6990760808735397,-0.6464289512599644,-0.7774449681511698,-0.7531203294524721,-0.7858081851311584,-0.7061708903543171,0.9110927996746045,-0.48508140837348246,-0.46894668970471104,-0.4275756986727093,-0.5605184876364419,-0.30671155002061834,-0.21995921715386493,0.2618312168565982,0.022795406321228295,-0.325459084425694,-0.29399596766407893,-0.045070645735067555,-0.11900254526689338,0.5570642667712487,-0.34235403128115705,-0.28462692234023956,-0.47242385449050806,-0.7484124982960881,-0.39251376498125623,0.058803579539568496,-0.48782651003096617,-0.39499336149969316,0.05622209476853248,-0.48990735609139907,1.2275114861222935,-0.722090978341785,0.019151455328146532,-0.5389049095498455
-0.9264554591101638,-0.8309373885108299,-0.9311539920861912,-0.891745648819888,0.20107947596173736,-1.0875526747574862,0.34821122246239694,1.1254978155330257,-0.953901200098448,-0.9770994820663841,-1.0673357596902822,-1.0770878020865462,-1.0559625351696664,-1.0323391377079065,-1.0671396176200731,-1.0365161840415928,0.12661621510013396,-1.0484939066085373,-0.6976947982363702,-0.6616530089382331,-0.930920843337495,0.07476738248692114,-1.0685135253760563,0.4783882318088355,-0.2536052934057554,-0.548744183871469,-0.6206633338407481,-0.7927735320023365,-0.810948026356702,-1.2156032547242264,-0.8988547904819711,-0.8438273343716284,-1.0029625799723496,0.6287371998729318,-0.4814136254096743,-0.44758792218779425,-0.32796983529788043,-0.48378801202194605,-0.4499364499855617,-0.3301634669532462,-0.2946042390246072,0.5148587667008763,-0.729425989541889,-0.7949855785680873
0.18443284073833233,0.2656433254658811,0.5571445531806442,0.1533572849601822,0.8596945136125111,0.3553463796152277,-0.8575990603856524,-0.7017019372717604,0.574067845686306,0.5834009094267248,0.1254903464132499,0.20403980652341377,0.11062550898921543,0.08554842581472555,0.006747117627083425,0.3753740172963901,-0.04534456327908238,-0.5431090404453518,0.49581275969039224,1.3148221359357146,-0.21827369439296887,-0.306133175567628,-0.7388364965381571,1.2462427298010954,0.8577442447307498,1.0579197883068512,1.075134397719843,0.5229811359349473,0.4968081058134824,-0.5286138049868121,0.16154673701393873,0.3746792933759546,0.4134963806274012,0.21770014953251707,-0.07946282637407397,-0.4735956041401021,-0.21947860134307015,-0.08231290783722345,-0.47593216753710704,-0.22174877811853805,-0.9045167364528779,-0.35031508743934753,-0.07991798258820625,0.04854155145220376
-0.8244204406247263,-0.6390120690810253,-0.013653150316105075,-0.7609248158974878,0.5900851064998066,-0.9289128817814796,-1.207221522650296,-0.1862900944290879,-0.6312607053234204,-0.6964591137848132,-1.2013353469435901,-1.1353045260575976,-1.0559625351696664,-0.8680904116135091,-1.0105249609990212,-0.7417375515257083,-0.779456084614666,-0.28746451645497917,-0.1804407597971375,0.34231901865124076,-0.11174260553217934,1.4220015514939555,0.20794739703044904,-0.02320804230312575,0.20276141270686238,0.05057979496256084,0.024206916236560926,-1.4805874387973659,-0.7721819947155886,-1.2156032547242264,0.41816119544805563,-0.03735916827050099,0.2075037552523744,0.957970694767867,0.31418611813923475,0.7125233756827262,0.4767490857662406,0.31087016678253687,0.7096411580112448,0.47398769112933276,0.5073806176377399,0.3004758565334439,0.5681002373737286,-0.15255190183987685
-0.39242429193849343,-0.39495888511473054,-0.3816203307581746,-0.41017861070554196,-0.10146309839669414,-0.30987894294181006,0.13341337028578465,0.28720698120661686,-0.389024708432563,-0.35722268796201845,-0.2465022051573457,-0.21152951659650626,0.002404219500620829,-0.22941836459167253,-0.23398812583846226,-0.369057878273814,0.41279201154512746,-0.22201228283701646,-0.2114558956657525,0.009157107649907419,-0.2490487531998361,0.4898205857549774,-0.05779331412252528,0.15473030462148,0.25541553924568394,-0.027053641586105997,0.09755855781919469,-0.09475388717065629,0.10006700624987772,-0.6313736427251998,0.09565012825696019,0.1925094824185114,-0.10054886024719954,-0.23220326875021824,-0.4494386784715479,-0.4720346741255637,-0.4747786354244875,-0.4518509063262106,-0.47437195560241485,-0.4768686873082153,-0.8808738397378476,-0.5958216538370531,-0.15285118693445335,0.05236342268281158
-0.4010469695569812,-0.41770558963974436,-0.1513382729876915,-0.3999325035116197,0.6040229281796275,-0.3178449985874055,0.33279361615777925,-0.005406044802584382,-0.2031191229700843,-0.22820024782513862,-0.3377502954254741,-0.3313374546308399,-0.23897767191540958,-0.47022759838826494,-0.4615052474092444,-0.3184509160578194,0.054444589906730734,-0.41885922477950654,-0.1871696559739645,0.20557075569723723,-0.34131446439487395,-0.2612431404848752,-0.36557710981745795,0.0387732531986937,0.41632745076931904,0.12074800383504834,0.10206294167484196,-1.1738253806560857,-0.5063395450720949,0.27035531072648594,-0.14820669087385305,-0.11233793096174147,-0.09267635146630995,-0.13718154466074461,3.314046835615025,0.16326111578894006,1.6296516089699757,3.3071806529860486,0.16063157706874265,1.6260767932031952,-0.6447503060779665,-0.07087679660074389,1.9655888904931815,1.6078583390378904
-0.26998226975596856,-0.34520046896626255,-0.572895645366982,-0.3194273755593734,-0.33627955271467364,-0.16550264286528887,0.5672758197702571,0.5344404199288375,-0.3498181950105258,-0.34596584514182216,-0.02508998313676911,0.05540404149526324,0.039539895103086906,-0.10632751584612515,-0.052766601539493446,-0.30995617115144897,0.8346521726082479,0.29901525801732076,-0.0705138284080037,-0.446488667919942,0.12454022400770395,0.8087622492067597,0.5708313523137539,-0.389774489176012,-0.07830432393677852,0.08892752208033888,0.14351597717395775,-0.1760348294765751,-0.11705158406685892,-0.8660285051883371,-0.20505289979611008,-0.329692730388055,0.16341202960247836,-0.5038382202878705,-0.15451262835042653,-0.2837958006055012,-0.10110224224938857,-0.15727389097195357,-0.2862196782398256,-0.10345593851572944,1.0194085446591823,-1.0318171273084304,1.6515977841056515,0.5132583561440719
-0.11391180486134139,-0.3006548392714438,-0.7851783886342976,-0.19354663003404277,-2.8420200019693693,0.03344605924611547,1.1890083297669338,0.8407833815223809,-0.5260240146595963,-0.4489108160292446,0.6889319192381856,0.5472382509831847,0.16314328507411122,0.3838358622997345,0.5935635265420737,-0.2371591121267165,1.0169762742192199,-1.0832061015810197,-0.6076832261664022,-0.9682075144006953,-0.8629360851027367,0.3971620599240506,-1.3283131639397578,-0.3510440938662751,-1.0160464409471792,-1.058154006000521,-1.121718760412851,-1.1819933737695292,-1.4203053884156003,-0.0399534445562765,-1.3800133130721912,-1.3648125723201119,-1.1231163397537831,-0.495061767457576,-0.8918334231012605,-0.8055191092898011,-0.7472487957241282,-0.8937220920960313,-0.8077029768085131,-0.7491466084712536,-1.0373879731589262,-0.5162620952538629,-0.606788689895806,-0.764159135496467
-0.5334050710007671,-0.475520130307488,0.2587763355914979,-0.47275305106842436,0.8292600208863828,-0.5402128979738828,-0.3302683248944022,-0.2728099741548771,-0.22169253458365562,-0.34676439148716276,-0.9538487467112559,-0.7997841599664279,-0.7774449681511698,-0.6365502206778744,-0.7212461947726821,-0.3615817431256673,-0.5847257229831656,1.5212297967756108,0.3829040439895158,1.8960231373933998,1.388791697580785,-0.4228028018359412,2.712755660952914,-0.8822881669393543,2.8901371605256743,1.9505802118546063,1.9723962215429456,-0.2756670674196799,-0.15629597444803534,0.6990965038260262,0.971743706971308,0.5226398606129938,2.4976977401912808,1.2459935186511675,0.39509918688290924,1.3939244385919562,-0.06201884961793823,0.39168747771141793,1.390728753714458,-0.06440012085853206,1.7670975935421893,-1.7948691200522047,0.46837700329755927,-0.5445526322907597
-0.94082658847431,-0.8830652530473201,-0.7591451947766773,-0.9356575367938406,1.0422704617987866,-1.1120862901779827,1.1577419461666558,0.7884165313661583,-0.8271811978973389,-0.8498377258922273,-1.3556566929081855,-1.119754310992707,-1.0559625351696664,-1.3760036559191713,-1.3254659800201072,-1.0193527181164515,1.3279418033874053,-1.0831517492777103,-0.7962454494328127,-1.109094541635821,-1.045341937814372,-1.7129327136394286,-1.1368065912740208,-2.326772214456022,-1.349219499241702,-0.8869718563919757,-0.813392393096075,-2.326627319886959,-1.474905344455921,-1.2156032547242264,-1.7454413229589771,-1.5796768680393916,-1.0811027495541663,-0.8242115741609716,-0.7101783627943297,-0.26411560929473976,-0.7895586437643001,-0.7122820142621574,-0.26654854047318083,-0.7914266051374326,1.8063740671421744,-1.8689280927262653,-0.5927397348737511,-1.023206267385638
0.6500574321366671,0.8395237250448772,1.5210322979505786,0.719088775024604,1.2523067531274974,0.8051084415524404,-1.4536038135481695,-1.49290883639988,1.222415459845745,1.256094982106805,0.508840850875494,0.37572373953639354,0.3098198257687786,0.4728567306558979,0.315904594417003,1.0211907278944385,-1.2366373663484818,0.25843683961256314,0.8582160255016709,1.6187912307867485,0.629369679248106,-1.3386369525371384,-0.05184803880173064,1.4502771594222714,0.6001603605351805,0.15827020276624817,0.6966024388212093,-0.19072060930131438,0.38839966863849773,0.913970443743631,0.6026239602672692,0.016705756256290342,0.8937141104544363,1.44699657267205,-0.11299391912078705,-0.2780189805072032,-0.13386225506433932,-0.11580431769687129,-0.28044551567136505,-0.1361928377663482,-0.5062719327084203,-0.4238359103321098,1.0775133524499745,0.5274026562295637
0.9147736350242389,0.6096872314067161,0.0890082788289626,0.8134993341686019,-0.7907715262085564,1.0421318947674454,0.2001029392318996,-0.34767451473261546,0.47561755554502877,0.5884931346965011,1.3674204003759214,1.327909321212626,1.5286054632813901,1.3838237113631229,1.406861227382057,0.7759187997404396,0.11068769838757885,0.30455914279286356,0.0554419128666938,-0.308934518804562,0.2170388447618283,0.5441138027194463,-0.07866633917235699,-0.6026661398081504,-0.2876427822178818,0.026692719004996007,0.15993614503605505,0.3225764999858878,-0.2483312314714096,0.15837564475060167,-0.2850525139093833,-0.5044869486593472,-3.912218807556774e-4,-0.6380020388874319,-0.6368243177386036,-0.4427842337003568,-0.5923100272679972,-0.6390147811784632,-0.44513497135497754,-0.5943171558207194,-1.2674589308212856,-0.2055116060030954,-0.5615504936978455,0.12398189096933926
-0.5835243846582268,-0.5661515311493401,-0.4111349405514036,-0.5989997289935379,0.13401947728348518,-0.5824781613616429,0.24729847054248957,0.32792469911151806,-0.531752023433317,-0.546434092112005,-0.6489337824024477,-0.544427022473013,-0.49892740113267336,-0.5860489341294985,-0.5746501239135732,-0.5795300964781571,0.6976056254551454,0.4025070095924117,-0.3007938811188481,-0.0854071575997757,0.09751395927474737,1.1601301007665263,1.085157086894416,1.523336126103067,0.42773038726745866,-0.5133889890863043,-0.6141237098704985,0.9952612025025791,1.8202597340333992,0.7618901527031045,1.7373338918507266,2.0556329871494254,0.034651157095428674,0.1800020119785634,-0.4015257416834079,-0.3144443800127432,-0.2919745361902095,-0.4039946728395076,-0.31685415827875424,-0.2941935640402067,-0.2562671114902898,0.12340778468915758,0.06020176274885431,-0.32396483443452695
-0.7802663845438498,-0.7118113281750891,-0.6928844247825505,-0.7716188748221788,0.2795059407037769,-0.8481967801572272,0.24369206285612918,0.7312626236228031,-0.7523059412360041,-0.7600778405221107,-0.8274752149122279,-0.7856565548999362,-0.921505778677978,-0.882194594008938,-0.8769634658509725,-0.8241141762456841,0.5984905253634881,-0.874735853146757,-0.5999873617290512,-0.42486833340821833,-0.7809452874864339,0.12980419358198733,-0.8062024070959031,0.1555822664435873,0.047387229216081406,-0.4295182908973025,-0.5051689132730721,-0.049741299915557244,-0.6498572629267886,-0.23726147937771538,-0.5253379482234878,-0.5187169530343133,-0.7611735319563682,0.033084938901847986,-0.3469095177925465,-0.46842825315301756,-0.3035739210974796,-0.3494430853582306,-0.4707671937037498,-0.30578476509447333,-0.9019420914880614,0.2633182323775981,-0.8018964719011836,0.01975285436372444
0.7906070773180164,1.1503953535534004,1.4052057310708843,0.8588749517416865,0.8152902565382442,0.935375980877618,-1.8629569744737278,-1.3690002286751848,1.2462255470986743,1.3221535373293647,0.8276778109253472,0.6586445465013325,0.5832854937532739,0.7615499740303197,0.6414965603657187,1.094731624511836,-1.263464378401699,-0.16406113397743544,1.24988919179758,1.728526628227909,0.2896926240069055,0.21924854321628653,-0.47785810230352455,1.9239931210017476,1.1604198477323986,1.4272964527188452,1.5812464391783527,1.0236295276974186,1.4290513371704274,1.3809727986047804,0.24039833249101072,0.8460645981900221,0.8123559195055359,1.418677751290531,0.3658896647711621,-0.24131718215389691,0.11218926397327969,0.36251252405754786,-0.2437606013688943,0.10968508159515394,0.07650857655965705,0.13420666649846905,-0.03416705514414449,0.6172654597707932
0.9820305204484426,0.861322650214682,0.9123910766754456,0.9613360236809089,0.5708343801547843,1.0984442267458958,-0.5068809277559522,-1.122798567677161,1.085329850957926,1.0924820200132217,0.9092891279843793,0.8679900872041724,1.0559454785173323,1.0085912610075447,0.9443323913677608,1.0915984444094835,-0.6293047183819352,0.52051832239047,0.7473878598032176,0.26471023946935807,0.4020619275127328,0.40244478654930027,0.15083689644159737,0.7817994442129712,-0.09007962536037854,0.5129523957779205,0.38251331141687733,0.9441450909201521,0.8973034207376978,1.4387528865563883,1.3258874937023974,1.4052300881927375,0.23306998070599877,0.256466612125743,0.5059794435574688,0.3092718674748435,0.20836512641539182,0.5024365114420486,0.30657515894105053,0.20579308792877507,-0.04818543407320823,-0.2938523676089976,3.5748134585248583,1.9653594992630692
-0.9442756595217051,-0.8731135698176266,-1.2864112303083513,-0.9378531311925384,-1.5686355174874171,-1.1190885361871348,0.9570354012686474,1.8455303637939242,-1.1952745986199915,-1.196280380537451,-0.7576499426833911,-0.8988078502695557,-1.037394697368433,-0.9370633594648753,-0.859409613626249,-1.1271851257463854,1.3410573093881655,-1.0400183912344145,-0.7069260463359093,-0.8871232023142334,-0.919176482510379,1.7402972063203657,-1.0511208439844035,-0.02378470923297204,-0.5024459346455603,-0.8476997901049897,-0.9177452023124024,-0.2592309468107962,-1.1727332937965969,-0.8660285051883367,-1.3670430078975275,-1.2764864456528824,-1.0289510673100684,-0.49058022029613807,-0.8491241531430903,-0.7550939806654952,-0.6825810964384135,-0.8510633670798107,-0.7573010454244864,-0.6845245349621858,-1.1169585776428945,0.1928529934159497,-0.7807986580557005,-0.6406953372518499
-0.8459771346709456,-0.7100955207216937,-0.6304194059293472,-0.8148998448654711,0.6878657732790219,-0.9542609006717441,-0.3237044355537633,0.7020033168337898,-0.6751340058521188,-0.7835628900045913,-1.149894898288725,-1.0336997869734597,-1.0559625351696664,-0.998978688156145,-1.0614130807469553,-0.883188347751241,0.364257241685885,-0.7747796280561833,-0.21939688611187136,0.33999682118655333,-0.38975040926581755,-0.5859728869309488,-0.6312428271065199,1.4221647311510743,0.9336740708416551,0.6453534967881668,0.47673163075079183,-1.6592620617256064,-0.6723014030611439,-1.2156032547242264,-0.8330602046206965,-1.0950243200096992,-0.22614555854949744,2.16948101710355,2.950285792388876,1.8360287888834692,3.7110460421309908,2.943850108357309,1.8326297212656177,3.7060027152130446,1.734060289234251,-1.7754115080889883,1.7278653536949597,0.03943756832417652
0.2542765294480826,0.17323483833301223,0.48565996946486406,0.2375217369102578,0.7367678070624887,0.4264479729408041,-0.2529893333246541,-0.7413661541053249,0.5347620998207906,0.5500574351889084,0.18507127316999536,0.2864886850764438,0.18940217311655852,0.1630960573227114,0.16287900772260247,0.41938072807936777,-0.321349614354563,-0.42211758448838727,-0.16435693976191407,0.14178547361419705,-0.25242366940143685,0.09939497418152707,-0.6228982470758452,-0.07244291748642104,-0.05884202796421711,0.43286281701459833,0.48562961364253265,0.2891400393268045,-0.22169548207257517,0.22133827339061057,-0.27735077176488954,-0.022525584981177228,-0.1039589660292127,-0.2898118334091994,0.2387323403156722,-0.053301968397337335,0.055414919182245094,0.23550568589202184,-0.055831880878860374,0.05295079348780092,0.6397121137537911,-0.5035201504405629,2.086349502093179,1.0776127717451094
-0.1449534442878971,-0.15754015663489818,-0.15246147574018706,-0.17890933404272533,-0.22168221855767872,-0.004084505631175524,-0.24326970206380813,-0.04601042941543843,-0.16646923349920856,-0.08848097476931871,0.11961667892010233,0.08314740684678382,0.039539895103086906,0.09921907443077835,0.11278436741819069,-0.08860787547151948,0.29032344230144275,-0.6926415411109504,-0.3593090053646429,-0.19822978480102466,-0.6006155095112923,1.0450609430554196,-0.8106230779684448,-0.2112719850600768,-0.11418558187360701,-0.349015023191519,-0.422164691240316,-0.07687402807136055,-0.4188381915757786,-0.8660285051883371,-0.12157841109978673,0.019932550446066226,-0.5680711629895623,-0.3624095573714914,0.1950577546640273,-0.30213643038463167,-0.042681623181049635,0.19188278760002048,-0.3045518707178036,-0.04507653764668667,-0.649391252432011,0.33921748592625867,-0.28243841360101807,0.4683520985596675
-0.34586183279866006,-0.13965082130532988,0.6516923042892705,-0.3025944851693583,1.3106293204556145,-0.25680440779943625,-1.3525354835441874,-0.8255884984396472,0.26927932608707766,0.13833901961921122,-0.5441822882199625,-0.6008210053701568,-0.568556792887297,-0.6131655282248154,-0.7630055428468488,-0.07498766251284904,-0.7166207407333203,0.20172934300419731,0.4519778470917935,0.9018269019643552,0.23304407452952067,-0.8028520831400605,0.516086610977673,0.9473748305140728,0.9833531426738004,1.056542969354357,1.0942681254040267,-0.7601927520074588,-0.8780652896603564,0.681923961797044,-0.8623304538097596,-0.9226543863517213,0.8419688256668397,-0.22252703095976975,-0.2507293262157891,-0.06268121725230702,-0.0774670069460196,-0.25337671970743053,-0.06520681496666404,-0.0798373788630928,-0.4673696375735396,0.6288811867535941,-0.40146723538002227,-0.6107032808222018
0.5862496177598582,0.44429973392276095,0.5288280376653316,0.5536873303227162,0.2870509349092437,0.7481705695221894,-0.2977748354508447,-0.7522932707459252,0.6637952780257947,0.6845144954554356,0.7198679338057696,0.7125174363860762,0.7145799339655121,0.7400448074944792,0.6859466602974047,0.6797992197912087,-0.35769932541417787,-0.09487030616327126,-0.19606895004474426,0.5153625524241451,-0.1021868977263445,1.0122027578302923,-0.36423685115403354,-0.4992013246424844,0.2838744176917462,0.33565979328405077,0.08525635206739172,1.4766192940304486,1.2780746979650683,1.4530024403461852,0.8321671053418725,1.2255482996965739,-0.12785113167216924,0.10064974903135933,0.7544438817274366,-0.07432217866461273,0.3246772034406697,0.7506069005539047,-0.07684242114862466,0.32202310190083944,0.35711599531699767,0.8470443598852808,-0.0473969166772847,1.0261456744802882
-0.5459079535475743,-0.5205396496799113,-0.43331057274052726,-0.53093630263391145,-0.7505666416562363,-0.5181510837158584,0.2596808460797986,0.4562399437909792,-0.6712435923888541,-0.6508186263369128,-0.4163229146856989,-0.4185479567652287,-0.4246560499277406,-0.2912510664278593,-0.26648163982221396,-0.5275701751794544,0.1040615878224702,0.0014464708547171788,-0.041177494748089565,0.7925074341718689,0.09521886758625371,0.5323949805247029,0.3530415017103859,0.10040985722798403,1.066913993544439,-0.2693278261436979,0.041275430807022,-0.08630024752758418,-0.08220960656096013,0.5786664959945963,0.4186877339811488,0.4910723464207791,0.5448764956405873,0.7702856066719036,-0.4561619018074242,-0.582827074847261,-0.4926816898047899,-0.4585661729600979,-0.5851133881260969,-0.4947591103320681,-0.3456329299018116,-0.7467165593914387,-0.10887517442151771,-0.2189070922950503
-0.3355146196564749,-0.41296669286369986,-0.6694241099562277,-0.3560206155376671,-2.4004112801539934,-0.23018582920590525,0.6520001330858608,0.6423469170166577,-0.6632711602933916,-0.6164194637728933,0.15366056860839825,0.08081063325018539,0.058107732904320246,0.15631453955907418,0.2752337759982553,-0.3878324709703415,0.30427938065357496,-1.0403960056904518,-0.7494726322246709,-1.0681184900100271,-0.9549724507480863,-0.14197881545192106,-1.2352467767005533,-0.8448391968103343,-1.2848357660842624,-1.057050418153397,-1.1664768470422222,-0.8221434397690242,-1.2616974003906885,-1.2156032547242264,-0.9861469720131257,-1.1888983669616757,-1.2552630417146846,-0.8573485872682549,-0.9073448296869959,-0.8270111214207292,-0.7576108072830358,-0.9092151414692412,-0.8291851018973435,-0.759501309196001,-1.4580846806992716,-0.10897743162045564,-0.8126442191587491,-0.8167814197026937
-0.5079681720262285,-0.5494469200137831,-0.750538386251995,-0.5382549506295703,-0.4215128460500308,-0.45225168363248136,0.7865770743128494,0.7846696636972241,-0.620210469442028,-0.5914741980171601,-0.28805264508531847,-0.21083080577251134,0.058107732904320246,-0.4066082012137589,-0.2869872218517597,-0.5624294622880363,0.9000849531264111,-1.1315122560816246,-0.7077917719879836,-0.9194173059660516,-0.9141697473209685,-0.32071831782745114,-1.3352029575812083,-0.8390782862543883,-0.9006989014471551,-0.9113227118210468,-0.9557998658705025,-1.6712204006171205,-1.5331391294560415,-1.2156032547242264,-0.8784991335880242,-1.0642257572944491,-1.1114342119914085,-0.5936203505367362,-0.8767376789959874,-0.8127415213384206,-0.7655984583270541,-0.8786442132811327,-0.8149220663068039,-0.7674833246168798,-1.156449502835748,-0.3703842428617669,-0.7657020858572541,-0.7818429064324607
0.09734379679160673,0.10357305572515713,0.42631202637858645,0.11164099138492717,0.4063985650333899,0.24135005683310345,-0.5151889490777551,-0.5761078577412732,0.2760546816853504,0.2143065916477838,0.1669315561940108,0.10772191232816004,0.014600582664246298,0.2525700662011001,0.20286616778942732,0.25584388567435123,-0.5259361264328714,1.0271569077620426,0.555603166571044,1.0427323462613944,0.8807227681601989,0.12500874391185493,1.2993198106626167,0.694477528148817,1.1170510880940359,0.9078603856584684,0.7995515841249883,1.6871055070500107,1.5955406141702462,0.7899362544685722,0.5983805424406774,0.6421243336086822,1.0963520947812482,1.2881564799859315,-0.02887522926070579,-0.13675095428582987,-0.20568212041704267,-0.03178517939316222,-0.13924247745175697,-0.2079620311889911,0.6599210629516252,-0.5764935901362197,1.955233713623064,0.8732914534155711
-0.10011552067176115,-0.18076075083751642,-0.30753994605597196,-0.14963474206009023,0.18061074466024846,-0.00927599635112547,0.2899355491019339,0.1634175417373204,-0.1119090572967858,-0.10591608152379019,0.07368764646100695,0.13343264952990766,0.24455910040866705,-0.04117561229868226,-0.021746626840875454,-0.12091999033872197,0.5648017486556747,2.1150381911870166,0.6854556049748255,-0.25913090950115014,1.433099893041988,0.36970567446766645,2.7360139975834907,0.16949467088985368,0.12019171482094829,0.5955817508772792,1.0144881250660815,2.4827804841144028,2.9178341308308586,2.131844077918035,2.4112101226185803,2.2237447587459696,1.340281769617217,-0.6542899542199277,0.051841404015496716,-0.15177095335059795,-0.09197993929330318,0.04883592854282009,-0.15425556681620686,-0.09434007172734113,0.7256444122430779,-0.7135111191857839,1.3950998856197216,0.8365156199222487
0.10510420664824557,-0.04191107529941085,-0.22003386173427938,0.04504129462443253,0.0520104568674133,0.2513772989830833,0.33139453196079033,0.021957869295378254,0.06301978049937056,0.09083450384048226,0.35777033061704033,0.4170726944659812,0.51989093010836,0.23400159938130963,0.2781403779550639,0.08873058134910242,0.3755598235370732,0.9537532759937745,0.12024934766322413,-0.48430540447219866,0.5697113485766547,0.24170911320782515,1.194727242062778,-0.42421112348196555,-0.3506044421759721,0.33966605273369693,0.3508932755178044,0.5237064077255222,1.0129942420854494,1.3330457883311921,0.6967449043337074,0.5548607992263751,0.4482117640183305,-0.384421872657303,0.47713747290081737,0.3794587679176015,0.24375353674738082,0.47362867425885574,0.37672977106965944,0.24115653025164172,-1.5044918224437114,-0.183979995499367,0.03398833268720867,2.137209161367901
1.0880894551558413,0.760384148884933,0.11663380654887379,0.9774370492713581,-0.7393103913987028,1.158500073484535,0.19819989001824073,-0.30053665730938156,0.6098708918270975,0.6674194378918649,1.4545475237409338,1.433405333220554,1.4709931081697576,1.414522135937664,1.4633476572074533,0.8854696393471072,0.22325661599249488,3.6038731980605805,1.6597414453695916,0.6778845756623864,3.0350883481498085,0.973142505035287,2.428985544615968,-0.4407178649635179,0.44768937351610877,1.3314649963012868,1.4853630454835292,1.0823694293106672,1.5367888609614146,0.5529362639660718,1.9688743374685211,1.6381552049071382,2.213407604939419,-0.0023900800056545954,1.2602977258366028,1.00040601078387,0.8230853360382848,1.2558620841565689,0.9973913575025867,0.8200795866373425,-0.7813930462313474,-0.6547738599297366,2.7654564092916263,3.6575722661401966
-0.3018861769443728,-0.3636821663928365,-0.4876006791759917,-0.3421151843459155,-0.24775023506660238,-0.19466865724674973,0.4902881700713353,0.37720736269607946,-0.35800774887584186,-0.31597473615382754,-0.09270691302663951,-0.023192670000747973,0.002404219500620829,-0.13697682231718558,-0.07317262960599528,-0.3128585944623978,0.6555365387243727,-0.34791979480817653,-0.306370377879652,-0.7525284047084522,-0.3956175899288835,0.4891207122172926,-0.25629984888580754,-0.18914440946584563,-0.6969460130231805,-0.38117634207344864,-0.3292713517417985,-0.3496842588576008,-0.4412464346383213,-0.44478744691824024,-0.15663418843151578,-0.1955106869040394,-0.4915233575891639,-0.7902255230630386,-0.15235459191135228,-0.07269746037210158,-0.18474024402909214,-0.15511840849427094,-0.07521845028069414,-0.1870349301739886,-1.427246084720319,0.16059235026422064,-0.6434806631801357,1.0301237286160634
2.0833816162643695,1.7254820177662984,0.3126971252728664,1.8500860230082692,0.010051103855374223,1.9468268837966356,-0.46526361122744425,-0.6043405005725987,1.3033079224865294,1.4285436715060846,2.007577620002308,2.253834915762386,1.9222452293017798,1.9313027488636971,2.040309088480936,1.5647754040435529,0.40588392759475334,2.5514290063363028,0.8425883176109696,-0.4090442826122654,1.8645246451251127,-0.8405415117201507,1.4581581187005195,-0.614222388436725,-0.5556993419832942,0.4987173766861132,0.9663430884822257,0.5985295778081282,0.6092615595000196,-0.18562005148519808,0.6515484191717447,0.17487887802281438,1.0366080713665682,-0.9493609015889234,-0.6660114433633307,-0.4357518479759754,-0.6274510164642803,-0.66816736485078,-0.43810582076248056,-0.6294333515738781,0.5288430367246966,-0.2824037819596064,-0.30252627873250915,-0.6985918747092217
-0.9356529819032176,-0.8167206981826962,-0.8305294553282346,-0.8976005672164152,-0.8079682081748928,-1.1043840538635654,0.12639887093418364,1.0711160859323812,-1.0504590799544693,-1.0655320230376693,-1.0342103359506418,-1.018680520409581,-1.0559625351696664,-0.9289313665758636,-0.9472400178471072,-1.0275620109366346,0.1434703454861724,-0.9590108713848039,-0.45299776546885784,0.3849537194237757,-0.7031888351110811,1.5309618458501932,-0.9004930087296191,1.2617118664811575,1.5853365202279375,0.11926781709314657,-0.09295878842389126,-0.18883762904564996,-0.9101844536077418,-1.2156032547242264,-1.6250335365870985,-0.7894829330719306,-0.3746861659975265,0.6338955414969963,-0.5412239421391087,-0.026667450362320575,-0.5778349324131021,-0.5435275453127959,-0.029209615610102047,-0.5798522737529203,0.6942056380457865,-0.216912987063272,-0.3964373107496005,-0.8256341391642964
0.8181996456971768,0.4011757732607555,-0.10437325734051543,0.7000602902358914,-0.5890946597522027,0.9617374728952297,0.8646098066069947,-0.1489198244566059,0.39929138660447727,0.441870144019714,1.2612369348020125,1.3349886796245454,1.6336410154511811,1.0531032768073194,1.2452374741686052,0.647787660698792,0.32390432395637064,-0.45784841054497455,-0.46282437055948655,-0.7621570289854848,-0.3865784715911881,0.01166168997768177,-0.7980694750982482,-1.3273796589098543,-0.9390508474924211,-0.40969026607646003,-0.628511248811678,-0.37997476796581503,-1.218292884869408,-1.2156032547242264,-0.7959678568322265,-0.7638061592778627,-0.6147830545940923,-0.937977145644824,-0.4081175446062024,-0.028586867794991155,-0.29374240745540797,-0.4105786745918208,-0.03112815004676256,-0.2959601879980109,-0.34435341158487387,1.3329431637226914,-0.6817240136274627,-0.7477060010406729
-0.06131347138856658,-0.04411711345377652,0.4964613466504417,-0.01981706864743977,0.28410907394423335,0.05997455818748599,-0.4705515934725934,-0.6378344833470769,0.10780068912605542,0.12318739917982861,-0.08756523778149908,-0.1200528159341337,-0.10214831231720328,0.18555314727909816,0.11931450642296655,0.13511659424363665,-0.8028974467189752,1.1867582330713036,0.4225594245237326,1.1887704408210604,0.9198483660817023,0.40515526038118294,1.6712624428974814,0.38654378176084164,1.1002833388747821,0.7471512077113333,1.0791374117125274,1.7567587429785434,1.8267422617446727,1.118214167652679,1.4331547013246304,1.383193508255081,1.251139837833466,1.3049216486927064,0.3918805961737294,-0.04132572798519504,0.05536901788685003,0.38847269609288076,-0.04386114993658091,0.05290492457769681,0.10857798813095919,0.05007792151789074,0.5280855861579412,1.0294352667529914
-0.9796286377575046,-0.9126833578975986,-1.2728745292437662,-0.9667617907753904,-0.5543724753363141,-1.1818575883841442,1.2815181451615727,1.7996792910859138,-1.1743672239584886,-1.201202273803536,-1.170471077750671,-1.051288219184314,-1.0559625351696664,-1.1003783993513803,-1.0207760635377239,-1.1644960025037376,1.2905766184830287,-1.0831517492777103,-0.7521020873127252,-1.0329616602336882,-0.880618367169175,-0.4461931511269206,-1.1201846263396498,0.014977873546464963,-0.9244161417751856,-1.0431765670975521,-1.212942863772981,-1.5092751426089184,-1.4850212995157126,-1.2156032547242264,-0.6049486561259781,-0.8612274886805318,-1.0702651812519814,-0.1362364874921433,-0.401465243905848,0.012721303121026888,-0.3553268603754092,-0.40393424665897226,0.010161017733470168,-0.3575011905011133,-0.4043643968435614,2.4398426069292,-0.8131312821596806,-0.8943958277541743
-0.8063128176259022,-0.7456372465420279,-0.39283446758087404,-0.7834296584841385,0.6000857090789579,-0.8898668592391357,0.487287534944187,0.31318104387730744,-0.6934711371156334,-0.7438621950961716,-1.0342103359506418,-0.9618860501324157,-1.0559625351696664,-0.9481972743659992,-0.9623706641933436,-0.7899529593480309,0.2954400083564138,-0.7831457565513715,-0.5623960161514101,0.12443034612247682,-0.607122423583872,-0.47580513547879316,-0.6449534650406193,0.997185668355789,0.758520213767522,-0.20639157514512882,-0.4819577433016175,-0.18883762904564996,-0.8615778768686216,-1.2156032547242264,-0.11848047911243231,-0.8999998656291875,-0.33371174489630684,0.5667802516416269,-0.3611461822874346,0.18099317942090987,-0.45779738386615415,-0.36366290125371276,0.17835548336027643,-0.4598994167357427,1.2903178423753419,-1.1075600479256025,-0.14105218604221131,-0.7555033414275435
-0.6976670796329575,-0.6646021116716658,-0.5783199747006466,-0.6802367217453502,-0.3158551365963346,-0.7569688817276775,0.7009733895979117,0.6940251823434004,-0.7267219353693786,-0.7694289841056107,-0.6841329210420793,-0.7175106279049457,-0.7217414547474704,-0.6773630392743742,-0.6437715254374777,-0.7240749392960292,0.38778076137949874,0.6049904661278085,0.03580603619062478,0.5344301445545975,0.3889787820625674,1.0762429619857603,1.5277309081250006,0.9968923150901436,1.9180994257796717,0.5620598000127702,0.5300562663092865,0.19875595370460128,0.9194012825197079,0.6341724490750844,0.4306921335196793,0.6431128968249455,0.8416157920269107,1.1226932068924318,0.4289530791341674,0.3040794390301594,0.5204093315150168,0.4255013050535759,0.3013851191865602,0.5176171327418417,1.1980868811354777,-0.4167246583994359,0.46105386741244053,-0.1806186744094022
-0.2768804118507587,-0.24805308505734916,-0.02312507390058997,-0.2721001185207802,0.6219967083835336,-0.17876446278783778,-0.28683556884736133,-0.1978229074030271,-0.11474300289696279,-0.18561047432640945,-0.3880203210008829,-0.24513146559596857,-0.1482015759982696,-0.2063077909742258,-0.2791601291307876,-0.17877693357711277,-0.09859812092843777,0.4065577409847522,0.1237352604748811,-0.15640675334973264,0.32259778465299643,-0.7251701153332488,0.8908070417766542,0.634385263896742,0.1006547016492661,-0.10862437162769216,-0.08023384839841013,0.016713055487239246,0.5727246272499495,0.30025455192834216,1.2142738879342798,0.7184826128554873,0.37948779955818224,0.22970047991966305,-0.5236767091593135,-0.4577793508516304,-0.4711543156263196,-0.5260010788755618,-0.4601231902524427,-0.4732469246198168,-0.48307164079175824,0.14777291243482793,0.1287690225232572,-0.03975248057601992
-0.7869117929843049,-0.725023045566234,-0.7470104020070333,-0.7757450780886967,-0.36377826084894294,-0.863971029756171,0.3940363516909838,0.8090425171862843,-0.8616609677619343,-0.8635824839623111,-0.7127645123339874,-0.7523516604219709,-0.9167037516604178,-0.8199777254023551,-0.740471805825031,-0.8467275710997918,0.44995438391534137,-0.5531278978505975,-0.4856420411844987,-0.4981679661892426,-0.6437367617913987,0.9368294929797804,-0.2369603409913164,0.7816335530581668,-0.24133815274487558,-0.44334845264531775,-0.6110006590440449,0.06790476339204712,0.06607734504956864,0.007251096713878801,-0.2708307467614309,0.1038600750882408,-0.5929521458291742,-0.14380848886810554,-0.2376466746741399,-0.019981009281155346,-0.26403625049895163,-0.24030955103082136,-0.022526250514751885,-0.2662749899823751,-0.44908763022099607,0.6549768715848656,-0.4069221998531296,0.3661682376789724
-0.8166600307680875,-0.7626972749357883,-0.9226991353522466,-0.8141679800659053,-0.3275747562622737,-0.9086862471695197,0.520036654261591,1.0969034971611182,-0.9099330977686784,-0.9224122953567067,-0.7989549540576787,-0.802556264093718,-0.9445555083622675,-0.8023473516486587,-0.7953046384227335,-0.9124735450293286,0.8758168839905844,-0.6814452107742555,-0.6661037035127725,-0.8209637412446691,-0.7011348919866514,0.7259667122718498,-0.44565274161162033,-0.7305632203287622,-0.5703657580570498,-0.4819911710051732,-0.44363241586985025,-0.1647253904634339,-0.6308027483983338,-0.0046408002455756246,-0.8272307599543182,-0.7255071490009728,-0.6920863444154765,-1.227955401175359,-0.3763429211654936,-0.059557656809033355,-0.2061505682116652,-0.3788416553175811,-0.06208469146533001,-0.20843014847402874,0.6233885065531352,-0.3498036294327262,0.09666781652196987,-0.45693421481840385
-0.7144813009890084,-0.5999161706786577,-0.10304594016851619,-0.6538895889609786,-0.2046382910746234,-0.7459869371444868,-0.651318422576024,-0.13227530333900905,-0.6591073374844271,-0.6744000063968707,-0.9538487467112559,-0.9277833869363585,-1.0559625351696664,-0.6197893727415853,-0.5925843381604917,-0.627671471298776,-0.9891613136311688,-0.9158023077813178,-0.7281544165791636,-0.38948464843623365,-0.8039464788616879,1.878640307734034,-0.9360732882938729,-1.1610004635867706,-0.34431346183347583,-0.2232472233044119,-0.3811908562107728,-0.2756670674196799,-0.9436373766615602,-1.2156032547242264,-0.46165482115680717,-0.3922938101834551,-0.7487723621633662,0.658921825319844,-0.48234112714658217,0.015556583268160458,-0.5649297965092127,-0.48471441609266813,0.012994993557211417,-0.5669562429641789,1.7998810712132776,-1.843158640887261,-0.3036394154278868,-0.8936776832313058
-0.7769957137230441,-0.7598539368701616,-0.4551786798457471,-0.7673286328936894,0.30648571170362604,-0.8437712185340825,0.9707883122680832,0.44755664238912823,-0.6509725290187469,-0.7026954724041016,-0.7181785385168111,-0.8232046245480009,-1.0559625351696664,-0.9119314358235361,-0.9223448421572248,-0.7801163933757532,0.5725953404884238,-0.684933265899457,-0.7391118585128683,0.5912659289149761,-0.6234788428146162,1.2692918161986566,-0.5171941916248454,-0.9192392222470083,1.6206756148234756,0.09532675001400667,-0.38257063479121395,1.3763481041541585,0.6847755751275489,-1.2156032547242264,0.7266817751798244,1.3575473431418936,-0.7649998136519787,0.7914237482131181,-0.8890893372385433,-0.7414656984474345,-0.5465878853826552,-0.8909812537639034,-0.7436790326705964,-0.5486272728259288,1.8029492925020556,-1.858168446912587,-0.7746345156010365,-1.1038112009903707
-0.9602276131159073,-0.8721657904624176,-1.1368330380836207,-0.9470014411871118,-0.003150697563953665,-1.1466611304205825,0.73241598237037,1.516383592098081,-1.0838094271327172,-1.0820645121027361,-1.1210882470420005,-1.0125498648574043,-1.0559625351696664,-1.0916585894678597,-1.0781312453225278,-1.1152855566484337,1.179142541025262,-1.1240497542591208,-0.6692342195194293,-0.8795205335146327,-0.9123500045174889,-1.0077890515388612,-1.2079966742412553,0.4169129540275705,-0.627382302179524,-1.017924726387067,-1.1740944111214227,-1.9610963138967277,-1.5398027642116636,-1.2156032547242264,-1.1495718763535996,-1.1286506133496939,-1.0764460829756795,0.21650835246479408,-0.8660949345155458,-0.7566883997615554,-0.7087743522734965,-0.8680140641202194,-0.7588947310346066,-0.7106993103556636,-1.4269335919793453,0.18656786108999346,-0.7614850203723812,-0.8327328114760575
-0.815181857462061,-0.7882873175264289,-0.8654429061687418,-0.806012915156457,0.1499277902865859,-0.9071570608892107,0.9980485465705344,0.9789856886415325,-0.8666017717765974,-0.9009296339885413,-0.8528472289136365,-0.7790215121819521,-0.8968096397305252,-0.9277822380472173,-0.873115722380175,-0.9016298662851147,0.5828726043348105,-0.5961121937843321,-0.7167631979027252,-1.008820048192265,-0.7145419321994061,-0.30586095339546965,-0.3289983517902957,0.28334265909366896,-1.0743670325808548,-0.9112685817915254,-0.9601732268848618,0.38804462087990316,0.15584000691348185,0.23177371569845515,-0.6288747340161727,-0.13143689311254483,-0.83512584704893,-0.4875512015502881,-0.11257047133367243,0.0421519777564055,-0.035352092752702166,-0.11538137104554845,0.039578153277333786,-0.03775217850975588,1.7629680996897017,-1.765164289304854,0.2569029298158742,-0.6332949350366128
-0.5053813687406821,-0.4849979238595771,-0.3326090394030171,-0.49043978372459973,-0.02819510773697314,-0.4635256836241742,0.1722391726450754,0.28624647232840156,-0.4432248698834299,-0.47625116447479526,-0.2872022596622306,-0.38915439086060283,-0.31324902312034175,-0.40972525737670534,-0.3990132734232776,-0.4747863954802481,-0.08945354244786521,-0.02176149611478505,-0.258500211413715,0.5192706025435274,-0.15057517651079866,0.6180324376534796,0.411409436246078,1.3187300141307878,1.038591691711633,0.1365919799629461,-0.1883656174175109,0.8896949809709248,1.2312259026638628,0.641928356063379,0.36471036653846295,0.7067607294243475,-0.002705033025156057,1.7289265920618737,0.10940318332652578,0.1852666597900049,0.0577937358659352,0.10632958548143119,0.18262699778592903,0.05532793181645615,-0.17759012931162882,-0.2902022436441366,0.6600586462007171,0.5021548996143486
-0.6061589134067569,-0.2391676536022656,0.9356722846282106,-0.5084314600472608,1.215761993644058,-0.6130411987000771,-2.05443961044101,-0.857461888564681,0.09665910733375938,0.010885836688421533,-0.806527909683663,-0.9860505088224959,-0.9167037516604178,-0.8913676966577339,-1.034054315701998,-0.30707048265389447,-1.4070120628897753,0.3824297037157071,1.0023857771373526,2.653321034899643,0.6140517434632142,-0.08737115767742062,1.0097474150875316,2.306206630211559,2.2753811206637624,2.127774450780885,2.232871667467906,0.1952217989630947,0.2002182854029464,-0.11015083370792644,-0.05344920396965499,0.17265270075801076,1.6713828940452031,2.372594396650172,0.9210407229522969,0.12286637758264964,0.7110915043324967,0.9170065801865168,0.12025542178873846,0.7081647712814116,0.34560149117049616,1.601782206724475,-0.31519326822043464,0.22986460932624192
-0.7435828379514043,-0.6363464396445002,-0.034176003727021995,-0.7060349559300472,1.0999935734673876,-0.8071058247137357,-0.15594431736107806,-0.1287085773183804,-0.3955523583378295,-0.506630267735381,-1.1005971370498668,-1.0100091718991482,-0.9515184475377302,-1.0418599442967345,-1.1058174648335184,-0.6551434360266031,-0.19057557391896152,-0.07595044802265848,-0.07575220295647465,0.45532169652637006,-0.08644605806433966,0.002315800405692844,0.5065257101140481,1.11083928461949,0.6844583852758475,0.39274398870828936,0.42719956082213184,-0.17974533373307966,-0.3622863096545942,-0.17418727807100454,-0.04748113038189869,-0.24576584835951237,0.25598050298080793,0.5182595696262517,-0.19580975767507727,0.11868135870815098,-0.29363684578966154,-0.19852214657419123,0.11607232816244549,-0.29585470081045107,0.9897429274341901,-0.13960253884320686,0.25399149960742873,0.22456451863527274
-0.889090522763384,-0.8214595949587409,-0.8524653874197845,-0.8551524088415945,-0.5571194363348057,-1.0244643518782273,0.6063361707830477,0.9642515115757857,-1.013043260053477,-1.0695587279923506,-1.108742539364833,-0.9787547328786723,-1.0559625351696664,-0.8792668441502801,-0.8510210281830302,-0.977061311233878,0.010468080171776214,-0.8754749053962921,-0.7514594455504138,-0.7980993675379489,-0.8331532628973084,0.8986752246287992,-0.7605984569315449,-1.31185632534833,-0.5648544779001715,-0.49851793910598213,-0.7400529974231655,-2.326627319886959,-1.2476607141446265,-1.2156032547242264,-1.1544280283730428,-0.6012119257987404,-0.8290643843804,-1.0863938345655417,-0.3586770479970262,0.3554966224020625,-0.5880962415713993,-0.36119668909822955,0.35277864893992605,-0.5901063431268284,0.2260603792208025,3.0959578759316395,-0.7577143528481343,-0.9185790683308472
-0.9666946213297731,-0.720758038467794,-0.09035144026488201,-0.8954049728177176,1.5549271105773617,-1.1577452554475514,-1.8676835844747388,-0.08259424345595669,-0.4898352518206151,-0.5173530698216243,-1.3556566929081855,-1.4747853841720038,-1.0559625351696664,-1.4007124112309535,-1.558916881522715,-0.9355668732005882,-1.154883106845916,-1.1777156974509744,-0.5764520805637086,0.2723814103158274,-0.9808763428333769,-1.3939735940592133,-1.3085166241813415,0.8620861343617408,0.9384578778795398,-0.41118971468388493,-0.40564563163226464,-2.326627319886959,-1.247927527979076,-1.2156032547242264,-1.2080300443785081,-1.0710063736690707,-0.8017219712345666,0.18263922377704345,-0.23117617517430383,-0.3248751611334917,0.520485438291762,-0.23384670914306635,-0.3272801408924377,0.517693185822061,1.4878626437189055,-1.1565056832674432,-0.5541123275412125,-0.9799052092483614
-0.8545998122894332,-0.7882873175264289,-0.9390030915759969,-0.8423447748491915,0.10253313093321982,-0.9682943664991865,0.5718310994362499,1.1367803967528396,-0.9226069452934724,-0.9194120637661671,-0.7989549540576787,-0.8533113106440551,-0.9167037516604178,-0.9242938680723247,-0.9262895205714977,-0.9566669972295554,0.7708257605860063,-0.8243638341021914,-0.5912423101968722,-0.7273622527815972,-0.7115433832050067,-0.6240055655995953,-0.6989201813147864,-0.2579460023340138,-0.31031073538535875,-0.8074409503141763,-0.8004349857568896,-0.1844692006400979,-0.6932591003291012,-0.02546119090015247,-0.5686279781632383,-0.6391992100965133,-0.7944372117663031,0.5316960170699174,-0.2504895150958966,-0.516436285899887,-0.2433526594352001,-0.2531371923956937,-0.5187531411550265,-0.2456059920604324,-0.26494116584852295,0.46011551459392414,-0.6304925449526603,-0.7293259657040978
-0.7804447847704392,-0.7797573033295486,-0.6571662067504956,-0.7834296584841385,-0.1624017444746143,-0.8491211391538049,1.3462427825526657,0.7959856193726487,-0.7800224504473192,-0.8125777411897478,-0.7863802677049182,-0.7623843231385415,-1.0559625351696664,-0.861233260696808,-0.8059898805084748,-0.8209565886028526,0.9279737584358266,-0.7496372291759671,-0.6794921951495883,0.6014881388173993,-0.7594832345039928,1.1728080126455478,-0.6258912344861444,-1.1526841715961835,1.6819020678801069,0.10431994338221014,0.2755455376477852,0.42905869405576114,-0.06323624473810996,-1.2156032547242264,0.2145961391299058,0.17916528912801247,-0.36640311323773794,-1.195471339084088,-0.3804155841196431,0.07043093140000148,-0.23256155059602504,-0.3829094984161629,0.06784409765946788,-0.23482249680156259,1.1143940570342208,-0.7898832993214452,-0.2124247671812686,-0.7928422374010796
-0.7597503584860688,-0.6258108566334726,-0.2971411265699963,-0.7401450831955283,0.9866973056613553,-0.8326049634803067,-0.7204513591178275,0.15546105344788394,-0.5363106376897429,-0.5836748251790077,-0.9766314180790168,-0.9302654392274462,-0.817233192010955,-1.0113975557901744,-1.0678879507974475,-0.7322863897860119,0.1803040437093504,0.03576642495520418,-0.2498489617189646,-0.10840166546755109,-0.15323671342212347,-0.4893317683447741,0.6358582172916507,0.9228717637270096,0.30218956524868945,-0.21685174820767236,-0.17556974533647987,0.4058768504472893,0.9105669810918104,0.2908744591453712,0.7022600517423733,0.6023254943059269,-0.04665640072241073,0.42143682432107915,-0.12136747328928736,0.09979890679518116,0.08935568310892564,-0.12416796205399408,0.09719856280687329,0.08686761078067136,-0.1674327571995524,0.6974847491081358,-0.6891973357269973,-0.6040922995289809
-0.8955575309772497,-0.8149436118916795,-0.9846424555210749,-0.8954049728177176,0.32408592904137845,-1.036647394804754,0.42024209382193883,1.2015742067608648,-0.9359311774781026,-0.9668752224370054,-1.0155772850970939,-0.9449798509471022,-1.0559625351696664,-1.0833275554802226,-1.0367307630775509,-1.0124723545575616,1.3023545382990855,-0.8433754895586629,-0.6854155534645122,-0.9997666052744376,-0.8314172727297438,-0.8684813134445236,-0.7111450885805831,-0.5950483930914758,-0.9667978950338252,-0.8433669047607432,-0.891564622389041,-0.06033889590034234,-0.8321511243597023,-1.2156032547242264,-0.8099412188499711,-0.753665013576173,-0.9302185361958334,-0.5499581638344124,-0.32376518653371333,-0.3183071405505516,-0.17594583610122164,-0.32632614461394116,-0.3207151418179355,-0.17824672707010727,0.010375648400807935,-0.0840866999667452,-0.4461927625916895,-0.7617800034449428
-0.8050194159831291,-0.7243122110498273,-0.6432675412101867,-0.7966032248763243,-0.3869022340283793,-0.9028569854371568,0.6768198396551537,0.9744182290908566,-0.8196934927766575,-0.8813006357195934,-0.6440611614041012,-0.8734786994362144,-1.0559625351696664,-0.8977015807386189,-0.8462447986753043,-0.8396142388655133,0.9673194338940768,0.025367690005926567,0.14800182555613214,1.6727331359187072,0.05902632275009463,2.0138037370195856,0.7174673785130642,1.940795904768295,3.332926061342645,0.9765594855665619,0.9326132109570748,-0.2756670674196799,-0.9109584172379019,-1.2156032547242264,-1.2661847339640706,-1.4224861765673877,1.117388423763142,1.1821114380219053,0.8476199058598117,1.559477849851188,1.123051272471333,0.8436726540884567,1.556206004885162,1.1198338845094316,1.7710484795397885,-1.8018477596114872,0.5598647383480373,-0.5026198181178096
-0.7080142927751426,-0.6982482787815822,-0.7008030859770514,-0.6978014769349311,-0.45553990709344755,-0.7456457972715019,0.8993222926103026,0.7552476830374962,-0.8058699109247291,-0.7972259062049797,-0.45695835921031264,-0.5879463394713129,-0.7774449681511698,-0.6877517316864912,-0.5876251581178517,-0.7553426607957806,0.3902078967294817,-0.20867648836005098,-0.4477658138138072,-0.23122850257653196,-0.30434581144941664,0.765286367881761,0.11937563984470263,1.019962518203772,0.31784287962620394,-0.5335919464198169,-0.43567718572308495,0.6903918618084045,0.5376378852994013,0.38634949606921615,0.16717599654681423,0.46272224178802335,-0.3624059744802966,0.9270323217057154,-0.4854370819064184,-0.37913116694557386,-0.3159202529500781,-0.48780670689726074,-0.38151118713301724,-0.31812238609164106,1.315720917010934,-0.897610603186784,-0.3916949583646791,-0.8956875380751821
-0.6304101942087535,-0.5134313045158444,0.6267879554297143,-0.540450545028268,1.1897246576161558,-0.6213868570817601,-0.3781430415931937,-0.7852984966984305,-0.17746356971511362,-0.33800938952796766,-0.984522200341181,-0.9344970837075478,-1.0559625351696664,-0.8919797352609471,-0.8985948356193268,-0.3892321154073619,-1.4971940366821506,-1.203054030997099,-0.11678741950123672,1.378552757763427,-0.5012325568954866,-1.0194885485071332,-1.4276882208527013,3.5287513160139587,1.6154660087968893,0.027986071429122836,-0.07905471650734976,0.6287879057097534,-0.26494881523778935,-1.2156032547242264,-1.3264308407868395,-1.0782078310720764,-0.13925524228456945,3.1526608330245507,-0.4705154023024559,-0.12152559845105794,-0.05517354797035495,-0.47290268658436346,-0.12402412578826394,-0.05755964885863242,1.020297338727143,0.6006963552716074,-0.665508912031298,-0.9991286383709368
1.1682803570077767,0.9177155218496124,1.5521673707611552,1.1999239483393844,1.2172923329176697,1.2615055830341462,-0.270652918454593,-1.6289629467917253,1.5073253675713403,1.5074548070723175,0.9302322943378694,0.8472842696257848,0.9509099263475413,0.7718882637384183,0.6894727165114414,1.4350605074826872,-1.1263855601488428,-0.5205849395787197,-0.1281787178195551,-0.0576506657120743,-0.3707957757191318,-1.6602205225251607,-0.9068367671649773,-0.696474456640389,-0.7255540480679735,-0.8167199430776606,-0.7369318941194954,-0.2768127113266636,-0.30224505181952566,1.466278607790251,-0.39094574333306803,-0.7987929297768859,-0.47761649461828154,-0.5405323817601299,-0.7005815374457856,-0.652878852799276,-0.5813483337816756,-0.70269654642407,-0.6551329399248134,-0.583363196269333,-0.8025500593362385,0.3827090159706117,-0.7641082188708015,-0.7784406839280318
2.7427812901436277,3.8084425552367933,3.7137467856700157,3.4255248038192128,0.5024307044553723,2.3854248176052004,-2.3571484337950084,-2.520273385070637,2.9432049519484567,2.9690955941822916,1.622133393132029,1.308528835340536,1.2922754708993616,2.6657913222638174,2.4486084560342603,3.2184582398508526,-3.430894486564951,4.122799396568002,7.450430712372777,4.031143056003537,6.19362596334516,0.8449335129807078,2.505345040489928,1.8445934296044102,0.6099807912740458,5.930272268981243,5.08823839780026,1.5741096551392404,1.8551598018147542,0.9972067189346263,3.173001228176325,3.2323155299661956,4.786051396134441,2.7284962892429223,0.38558747293886914,0.08841363739858811,0.2041321325988164,0.3821870205514345,0.08581853101377365,0.20156308066704146,0.24714076054618853,-0.688229636111804,1.7201332835067555,1.424597448620441
0.9604738264022236,1.0290795960866597,0.9836598841840435,1.0586740420231704,-0.6398298018881641,1.0793933200141264,-1.0703769024898866,-1.127410602657241,0.584500236895208,0.8131665682007084,1.5372953507668907,1.1251578236096464,1.6336410154511811,1.6025545608827452,1.618969126569944,1.107771169569848,-1.4113522714966549,0.7504176535312803,1.4057066800466278,1.0337255215519092,1.402819158779761,-0.6281889438709076,0.3573541210650195,0.9777088548205056,0.7091490295221159,-0.3646284479943897,-0.09281689287806533,0.29873285623774826,-1.2534063992845235,-1.2156032547242264,2.118140083205677,1.6779392420870318,1.3812544329940808,1.20762265856912,-0.7312293631963893,-0.5140067528802627,-0.5088767599751197,-0.7333081015342491,-0.5163247258015888,-0.5109427542005109,1.1793760499785202,-0.048549352748485965,-0.6318752097590892,-0.9526249823965102
0.6543687709459111,0.5765149539744041,1.1001672693309075,0.6744450222510857,0.23701260235935573,0.8150504428668892,-0.6890822537406819,-1.2928755178106517,0.5593665598122826,0.6807002124706216,0.8062396890472023,0.5455887699497166,0.5832854937532739,1.0630753940743376,0.9211696644405593,0.9113575642779131,-0.949271415860588,-0.8403338131498977,-0.553713470336336,0.27788963774118947,-0.8788546590555866,-1.5505281481559996,-1.146610792570694,-1.4844272107262744,-0.10606498036213326,-0.9365880820953745,-0.9584636920313976,0.692652877575731,0.4952737852516184,1.9110883579946198,-0.47272078889795494,-1.230101791527652,-0.581827812524574,-0.6059632720055788,-0.6132803341043298,-0.1624879659212042,-0.5864496552121298,-0.6154986610334793,-0.1649676492037386,-0.5884609185033604,0.31437369512607305,2.818503123539754,-0.7834176292436863,-1.0060455092069398
2.741919022381779,2.0569463068107243,0.6638631109419532,2.4997158323683792,0.013235810334569774,2.4121412110439557,0.13599640867186086,-0.889875099976047,1.929981472919231,2.036691744326008,2.492696291606004,2.64873884987798,2.046345041257537,2.287983227269836,2.3371020063762513,2.068684645052297,0.13154390843642963,0.4183270510512056,0.31633980534294703,0.46634222645956946,0.4325312418442132,1.1926451621293157,-0.34239879472704293,-0.15547959295735814,0.0842341902953523,1.8533398619405823,1.559002464575619,1.6083272511895523,1.692802765470983,-0.17641956342804105,1.7831750084617266,2.0420791072550135,0.6193693320787912,-0.3844452339125866,0.13324955090676227,0.03086551957792973,0.07782020306296804,0.1301477317114495,0.028296887245896848,0.07534026950015468,-0.3203337866972228,0.24144468711328537,-0.4598910796027663,1.2836933120954939
2.122810769374363,1.6925251447328977,0.6992975458748665,1.9910697966700959,0.0013374861269725626,1.9874954897567894,-0.23262412704664873,-0.9770573181733777,1.4303208473020752,1.5795721447790239,2.013033060996884,2.131687624590989,1.7288804060218788,2.158602789954087,2.0952378516217385,1.7439456074571666,-0.2792797267605008,0.664221378156952,0.41427167844780977,-0.316709251156588,0.4460528635175005,0.2188681103952501,-0.06467227107848854,-0.4126655121306,-0.7302413884976973,-0.049897972331595736,0.23606634105006918,1.1534710359990652,0.8599321669872013,-0.4493321185712637,1.4751330842344428,1.276990845641386,-0.07942820443645472,-0.7198560712727327,-0.010515180039965455,-0.08171726608145267,-0.17124226923482522,-0.013446858654855825,-0.08423410657870968,-0.1735464787675946,0.6218907642389311,-0.3238071977820183,1.9347762850323877,1.0080391151963919
1.436680794877793,2.051173468919906,2.514334250024587,1.6425025525859485,0.8372316900593774,1.4674254006713436,-2.704076947517607,-2.1697954234223764,1.8273979321049663,1.7457262848773378,0.5115417623084354,0.6001776399631927,0.7742592249710755,1.5511343962354347,1.3074603226657522,1.9129155686633137,-2.319683887729109,1.5387061974927225,0.45498453811944506,0.5635652975367436,1.1066365316672604,0.5202146130132058,0.794702831467623,-0.9703167778288753,-0.7030260802044619,0.029466364532921653,-0.19068143573243496,1.7091747994376376,1.525943056605854,1.6125957219684004,3.3641763651501333,3.639496147098434,0.07049218549638223,-0.48141933915809615,-0.15639923576514875,0.013318721440971756,-0.04574194021442042,-0.1591582656521347,0.010758161221070798,-0.048134695497915846,-0.8817433999664038,0.4338362612900231,-0.15540726000262148,-0.3194434859873983
3.431733231860793,4.315030620595956,2.6368417444143364,3.58214387092631,1.7251808835451061,2.8496540494148923,-2.5785369257202557,-2.247390101964174,4.315092735606683,3.9538960972296273,1.1342422145443312,1.64687389695218,1.6336410154511811,1.4810757905507759,1.305850555368195,3.2751190372450774,-1.7383750033840295,0.32576090242758576,2.4912360735472725,-0.025148683006897193,0.9309862802199179,-1.8278285346651875,-0.5417667535976255,-0.22722686849367318,-1.0651307814985174,0.5375084225929007,0.2735574632646725,0.019874263006666084,-0.8846203238723734,-1.2156032547242264,-0.936773912343273,-1.077845879150793,0.3716981538394402,-0.6863532344722352,-0.04554208229511478,-0.22794497988435217,-0.1498266874832875,-0.04843230778418737,-0.2303945507582065,-0.1521460066080255,-0.9096901925389076,0.9799756186859909,-0.47211144205239164,0.6500067323889355
1.144136859676011,1.0669907702950159,2.888638575425431,1.2518863491085614,1.1845178667419811,1.2386881685517912,-0.7809651848201985,-2.21787856225575,1.7380749205123105,1.6582075807166892,0.03070822714087865,0.29162634088470896,0.8458743741777504,0.9912097487902112,0.8213826599522863,1.8098387311977666,-1.602503015574004,0.19503682167443143,0.6754377105381607,3.068155687555265,0.6687740683084027,-0.8955007657212506,-0.26859274969079344,0.40378831672648846,0.5695008363390996,0.4380299732086095,0.24204983882923806,0.4169230732492046,0.8053427431891318,1.6386626230229717,1.8153250013042477,1.5185505819821448,2.1070810202485246,0.4874967114359861,0.21665772112452655,0.03789586824989656,0.18731748752341895,0.21345719124823254,0.03532400172309124,0.1847602990296369,-0.6659868428354531,0.4309897983106783,-0.2591720818198963,-0.38288257446175417
1.9892255945771773,2.911332942479435,3.4852901935301257,2.4570987821167356,1.183696296015813,1.8800836444916846,-2.8370430824499606,-2.516926772816648,2.7972621327181177,2.5985745497333217,1.0546644804529655,0.7792129183315244,0.9670692420659707,1.5682710534041238,1.409060548984647,2.635293251206913,-3.2542144770658297,2.1654127232018086,2.910669090304639,2.049301009273316,2.8664417897386927,-0.193322629947057,1.2641369038195258,0.17360636749765507,0.31875083469961824,3.017559666621381,2.478412296647003,0.8515047822612114,0.623008054972376,1.403247756139757,0.6411785625366911,0.6254985080511809,2.601873744710402,1.3650346367677442,1.2188761507921353,0.10282107639728262,0.8145412845619079,1.2144895301117142,0.10021934211020248,0.8115415633479681,-0.7671900656905174,0.1917443718177231,0.6462999321943687,1.101189143152341
0.780834709350397,0.9113969928148861,1.3389497937865358,0.8720485181338721,0.8616440428419367,0.9293612289729246,-1.4998964406762565,-1.4812963451172736,1.0010633212112519,0.9083182442560779,0.6445509793425852,0.54570132565459,0.49575586694511503,0.7867386580731591,0.7523351547565896,1.0828203328011454,-1.5657028877990475,-0.7871169719714464,-0.11111010639348576,-0.003101720869953105,-0.4231728640988411,-1.54809911432914,-1.1088581173816012,-0.8632853870400666,-0.6826240952713073,-1.0432788098515944,-1.1006074373900334,-1.1221726328888806,-1.2508652154880178,1.1724469102870507,-0.516076043322412,-0.5249763659451663,-0.45219000225037165,-0.34089589444811214,-0.6993331485428242,-0.5207846719713369,-0.5125888881082419,-0.7014496349461427,-0.5230995268239137,-0.5146522632713971,-1.04307761166645,0.7879223200867124,-0.8136435429784826,-0.8444253443957828
0.8456844306061063,0.6973568217635403,0.45523845550984815,0.7924582211810831,-0.8093673444876214,0.9835380544024698,-0.32864464752241573,-0.6710322806940467,0.5675246684494775,0.8230868805495836,1.298879574558052,1.1399509250128814,1.2397576948144657,1.2169731023428305,1.2607119570805314,0.850650915613441,-0.2517960047526562,0.0015183021694103694,0.5189693568408683,0.6222695455768339,0.24916166070904636,2.4599426322964857,-0.3409774879560521,0.45284504428768335,0.4057690436050413,0.7341885173853974,1.261681347224266,0.5088236074895922,0.23599964490507672,0.7618901527031035,0.031173421930500062,0.4019842900326982,0.5135243485644073,-0.07066981536113524,-0.4994703330215732,-0.4423320453966024,-0.4212795368977353,-0.5018233501457001,-0.4446829910729183,-0.4234073346414078,-0.30521665156475314,-0.30657698813343814,-0.4187712243575506,-0.48592735960281314
1.1652624198413062,1.8145517367160453,2.235473017094587,1.3514199618495204,1.263589465142325,1.2503564769946092,-2.7466994227559343,-2.0130824350511336,1.777275106621297,1.7793847453726823,0.2979741310985557,0.4448847978357298,0.32069661332879734,1.0211562913965664,0.7680174060463516,1.6392448158914206,-2.2029504834824443,0.94892023729205,1.285244361617544,0.6877385459596317,0.8905479955707165,-1.2811887522631566,0.5072482124492266,-0.806667261984096,-0.4359694277896223,0.7272819451654056,1.3020174465236278,-0.1190331694611442,0.13839784821006715,0.8924118005357923,0.7322663805848634,0.1568423019832371,0.829553726942406,0.25434378738404606,-0.195107362307144,-0.259324278852424,-0.21819226621576485,-0.19782058246685158,-0.2617594142026055,-0.22046335055466637,-0.2014569946702003,-0.08177995899087469,-0.30121154367662856,-0.4905395236274934
3.5084750626653336,2.4317930417958493,0.14578261483770927,3.1060658188087076,-0.10308495777991926,2.895167582952288,0.6250947368888955,-0.44511791866012335,1.909858711306471,2.0665061368350086,3.481622644791335,3.7417069830717713,2.666873102341662,2.949036579611969,2.9993598382435627,2.216501159997293,0.576866569139895,1.032920384057518,0.12854933279539307,-0.7728839249037629,0.5707689717272318,-0.8528532449082107,-0.07141521895086336,-1.8392072132393489,-1.0348293665924038,-0.14913381251596108,0.21810466743509277,0.3508074992660762,-0.029994868933628346,1.5225734232912465,-1.6468674469927593,-0.6389239807020852,-0.17505602442894352,-1.717118443024876,6.9963474576761655,8.799352047245941,7.968928644587703,6.985123399781109,8.792749618780553,7.960881202744473,1.803257420225447,-1.8575444643492538,4.701633756588636,1.3311587615305225
-0.17087219877641002,-0.2856855006318206,-0.4513619074398839,-0.22058257674741755,-0.13352929122977952,-0.056381445749680535,0.6039444815122454,0.3392750005061265,-0.23898861952582437,-0.209496108629518,0.10244695665874413,0.1593475921938741,0.27060947287882614,-0.0020690271879113932,0.03098024144533784,-0.20403642561943786,0.5531294104703489,0.9251347340402355,0.017953461605419545,-0.5121233211040738,0.45317805985056264,0.06592684438946755,1.1833247645218685,-0.4734523561304007,-0.37767275925983407,0.0783851317132912,0.2134706508364192,1.2071831717984833,1.6500091522161695,1.2028162457441305,0.7750187868882913,0.8986049090678441,0.2576050854726333,-0.8597603123167823,0.5230854640899884,0.20345570341207864,0.3118032372281363,0.533660682555652,0.2110924619467387,0.31982052241476966,0.3145949237358266,-0.5241119539970016,1.0229595359449892,0.4300940684548751
0.5569325138570003,0.4305569332722317,0.5193182835176815,0.45781304157958663,1.2972889799673666,0.7222612556157143,-0.3350543539512399,-0.8207427221691731,0.9936556251883348,1.0561591785355289,0.4457311050058583,0.5509277385450999,0.74083882200796,0.2123044954715716,0.06956894506575968,0.6658548793325103,0.35760532570126913,-0.3781469078661701,-0.17605110353799594,-0.5669971181473062,-0.3692404999750949,-1.6218068195806925,-0.6326752038213447,-0.786136954345511,-0.9161204294536521,-0.42508016241576896,-0.36694482354154895,-0.8360102845832409,-0.8723878709491316,1.321877361298124,-1.054108550545551,-1.0416133270616401,-0.5144243796895843,-1.1574012949332646,-0.5375174068710781,-0.4415211093872284,-0.478426518744223,-0.5350617599040929,-0.439292773661629,-0.47683994298679094,-0.40484519428047,-0.5068732593773487,-0.1871678109361607,0.12707459751483693
0.9121868317386927,0.7584885901745153,0.55859551922349715,0.8676573293364768,0.09181375089133682,1.0383212180841255,-0.45459962731106274,-0.8125668198234308,0.7594956193385584,0.9181915950460094,1.141378144185467,1.088081830685926,1.2660165828569137,1.1037077353113525,1.0804247630042747,0.9278490769779907,-0.4192787610536398,0.40428047531997474,0.2331241403628279,0.1419232939420684,0.25064332477768575,0.3104337710648199,0.1211962907267816,-0.33500050177048074,-0.08450374174544552,0.448102907078449,0.8276565467530709,0.6987301458285183,0.7938566626974047,1.11409131679817,0.6462183259218774,0.7443975066152329,0.17658213787292762,-0.16610486055484758,0.7244591634390872,0.6178356670320093,0.3175983982788622,0.7365760222251632,0.6289471893138076,0.32566284316371136,-0.7968945993334847,-0.5929764921367552,1.7039295129993428,2.720864933427794
-0.3251674065142897,-0.27790813474642984,0.4446982887606863,-0.2674649747901962,0.6043735967129835,-0.23851145004195404,-0.4119313288964359,-0.5465859596433481,0.021606269269180745,-0.005219942508127141,-0.22974948689052804,-0.41420428116402846,-0.48035956333144,-0.25697165643390263,-0.3235661964059051,-0.11064014254856525,-0.9351730088476014,0.40736809767381,0.04445645132855426,1.3457620122835343,0.365198903541155,0.09485509963899055,0.9004573146895256,0.3585052249548577,1.55423260983795,1.118787567123345,1.0688801970273183,0.2655581083386877,0.3551731120619088,0.6979957852765633,-0.26177501503031214,-0.42833160487423266,1.0395169408904237,1.8266456552684778,0.44912421077597253,0.13082496585523143,0.19723007266267037,0.4591332100649234,0.13785268274708207,0.20431498758086483,-0.7613003928760598,-0.283646140219387,0.10627760616990474,1.5284397955358082
1.256231668716351,0.7783919566339021,-0.2125477115130795,1.0630652308205657,-0.7924973336751948,1.3325710622248588,0.6028933386091619,-0.010503678047060717,0.6299760411084806,0.7025338247036873,1.8378229712946412,1.9073382283030909,1.6336410154511811,1.5253904330051973,1.6473776534142937,0.8832928218638956,0.6421186226670621,-0.2039469785647482,-0.2093979031693931,-0.8035827651372437,-0.26567013142343454,0.5213067159140492,-0.6401868473214269,-0.831114431178302,-0.9383815230569427,-0.23843980410743662,-0.28727275726269896,-1.0699372494030703,-0.8581600812035037,-1.2156032547242264,-0.10103978817561003,-0.0816135344332967,-0.592880057653227,-1.25917957680659,-0.07242285942601727,0.05863405856076536,-0.18056455484562503,-0.066406625801178,0.06505642198584001,-0.1765540463960024,-0.8236054041016536,-0.07670847484429612,0.6298344480376052,1.3516834072733972
-0.5025916789229362,-0.3977464714535803,0.5413641042500148,-0.4311013337990135,0.39823256854773986,-0.49014750020881104,-0.49113693384956114,-0.4999194723282027,-0.2190822312832133,-0.27123613380244965,-0.6734568714909696,-0.7247511935690045,-0.6299944914943187,-0.5034403638276451,-0.5355783458145086,-0.2968735753887079,-1.1745453092614784,1.1536474801695578,0.6097251884131328,2.3878926505421676,0.9071550630820969,0.8799832096346029,1.9472963870771063,1.524025294794576,2.346643985168012,1.5712212775831904,1.654143222727517,1.7023124059043417,2.0199761048309237,0.641928356063379,0.22690023355322586,0.5502630417981158,1.6837546693071408,2.116209788883936,1.8128827381511499,1.4918237784571666,1.4149244632755227,1.8333321531443512,1.510264087050157,1.4319186972751836,0.0591105995403842,-0.2764290014583859,1.355342052556883,2.170516043978967
0.48514872268309017,0.18644451309623633,-0.3251302649453968,0.36431731343504586,-0.917699995375958,0.6538563920262719,0.7392725117774475,0.14584367716143953,0.12058332995634317,0.21168511391233585,1.1430642042408399,1.1203723016740366,1.5844056003715916,0.8373690495618911,0.9831673850700318,0.3453798819173281,0.6775016680846425,-0.30557653973246623,-0.2991648538713041,-0.7012240077277401,-0.3954657715924149,0.5052900372997118,-0.5592327019431275,-0.30470991804223246,-0.7328021183052904,-0.3998136058127173,-0.5418966448629261,-0.734936824420953,-0.6416187779586469,-0.5386546631206625,-0.6083944642428438,-0.6002045012258144,-0.5982457534769462,-1.1133154556100626,0.781640869301689,0.05262308907009463,0.7050540241383011,0.7941954894420661,0.05899504779246867,0.716271494491731,-1.4653369121063544,0.7770035150390726,-0.7172753976366959,0.1409054407506791
0.6474706288511209,0.5566115875150168,0.6184759845879324,0.5822300575057853,1.3296739242548048,0.8077043175362387,-0.628463653720094,-0.9291347351086185,1.127610096106213,1.0403689720594989,0.4061762043089905,0.5556145330462816,0.6883210459230649,0.31133968039650006,0.14993222207775597,0.7638507209901665,-0.11017649434962845,-0.5268729697839398,-0.45892228091888065,-1.021549666013233,-0.6850136617174889,-1.8140688859682945,-0.8243271371367249,-1.7956769824185956,-1.4775097228208658,-0.9206308548667113,-0.9667969569191158,-1.1050873158740033,-0.7505974570836463,1.0499000517287458,-0.8356148952575418,-1.0482169447899987,-1.0738702522195238,-1.21450353829392,0.44661219512902417,0.7857122500917944,0.5660695866647091,0.45660196338324033,0.798231493586061,0.57615603338125565,1.7319360044463432,-1.7244479371643522,0.43249023767033096,-0.5512786365470534
-0.2191084718068912,-0.2096680211713882,-0.020150048456290662,-0.23233546441103417,0.14508601461261883,-0.1199748983435487,-0.31592730864488644,-0.17454412331780056,-0.08416859596319945,-0.10065518531875696,-0.09199415774986593,-0.15014088542441706,-0.27611334751787564,-0.17381723545619485,-0.17970872992824077,-0.13801261458837136,-0.040405313795282845,1.0085129368263201,0.12081067001407453,0.05914863194651465,0.49109500766932823,2.2985599891288886,1.6058727919733955,0.38395923952407346,0.6917254787778487,0.4893640913032884,0.6045333160669335,1.0003584253393667,1.6989112536368018,0.3990133512473078,1.6042522283798928,1.8015440193746104,0.5720278999986997,0.34420487449048287,-0.24750800873549414,0.06631890042225556,-0.20253797307676893,-0.24283216030769567,0.07280570472827813,-0.19870627929053106,0.5020799418650529,-0.5377140338641719,-0.08692385631474694,-0.3612848728393626
-0.24238970137680788,-0.18306250070016666,0.8132322370639059,-0.21006586408138683,1.010585802100406,-0.17480981157021652,-0.542560855785161,-0.9690586263921116,0.23782274554461158,0.14636232721231968,-0.6036581105733188,-0.5580080819141768,-0.41935095341310247,-0.39767268195854777,-0.45239279680567757,0.03411131881092557,-0.758854767624181,1.8622071619105864,0.8557511349992596,0.8581874998756802,1.2912424269534277,-0.03844441982447357,2.883974533585968,1.3705602785398723,1.1800158208886093,1.4174861462070933,2.037614203393811,0.8347958518859147,2.1363385613185817,0.831296886714012,1.4726916487201929,1.466152325312972,1.9380380144703833,0.13420320701442362,0.6215192241222449,0.34644882251946924,0.8298962563118311,0.632848013952223,0.355284643146862,0.8421296642625654,-0.023718819841255415,0.7448084211960473,-0.4527968287121127,-0.47914500906638563
0.5612438526662439,0.17086538994498987,-0.6003598609503062,0.40877810000867293,-2.917174635699403,0.72642067077727,1.174061198979988,0.5318080261885955,-0.08687585469843723,0.014043814732497764,1.5170674387033134,1.3936240938547273,1.581123239366286,1.1674718369074226,1.4102846038614039,0.30469908046008565,0.9626509298691559,-0.38041064289585014,-0.44895924689406125,-1.0823437864008827,-0.4351596211582863,-0.23887643879992917,-0.6534239263029076,-1.0613192015432804,-1.3292340601025368,-0.9616367284512543,-0.9552595281224247,-0.05807056924650785,-0.6172213607130096,-0.22685655101056146,-0.5378171402250665,-0.6105986083825442,-0.8369097076718052,-1.1588630444852057,-0.44462979374595124,-0.48501380747581285,-0.39997793022719774,-0.44146303460233427,-0.4831501777298734,-0.39775295775783326,-1.4080614365667026,-0.31290695805839597,-0.5372794315354726,0.020584562716300138
-0.6336436983156865,-0.6763308811923762,-1.002708713374383,-0.6593785749577227,-1.2845429678792428,-0.6294678498118821,1.367719426604462,1.2473180802441064,-0.8582984525913894,-0.8419845414282748,-0.33457410200775345,-0.32356847276583073,-0.15078044235955199,-0.4590737014653525,-0.3256780530660554,-0.7433314892242764,1.177033285444035,-0.7149840624423124,-0.5602052039979538,-0.8396323530407529,-0.6313496758120428,-0.4141680796882573,-0.6551406268272579,-0.9544300369041341,-0.5659953767995166,-0.804095287751661,-0.7532709304081536,-1.3597861771915167,-1.1776902348117377,0.20897895299721794,-0.40059242953307433,-0.8213310191819702,-0.7580110786779244,-0.40784921002584734,-0.4530766779486586,-0.20197395215648228,-0.43874665601824137,-0.44997458493230075,-0.19773690498063795,-0.4368371745926123,-0.7218855996199038,1.3148776992406186,-0.798486842394174,-0.6930262690503115
-0.9563474081875879,-0.916237530479632,-1.325082328049662,-0.9459036439877628,-1.910242912670587,-1.1395958721536137,1.7786343043749102,1.919263740225053,-1.2496178712447692,-1.2308989133350057,-0.7369974369962476,-0.8997903914402969,-1.0559625351696664,-0.9411835875732144,-0.8255426115580914,-1.1482792619692181,1.2215540013289552,-1.1184444230472788,-0.775008422614197,-1.0513496712844395,-0.974533787164565,0.06641846789989723,-1.1952877218243827,-1.2819270465367774,-0.9738019398956588,-1.0256090807020894,-1.2481576822797957,-0.07991293024132036,-1.1525462001418039,-1.2156032547242264,-1.7454413229589771,-1.2153177062426082,-1.1597745327986966,-0.3766863332541816,-0.5874919323746967,-0.6243251655029425,-0.2314681655208654,-0.5854188713350639,-0.6236297246149017,-0.22787189903907001,1.4159207930059476,-0.892413466861335,-0.6541101106006502,-1.0274740949618377
-0.3337900841327773,-0.405858347699633,-0.6320441988432893,-0.3794402891237752,-0.0710626715502789,-0.23391217283076393,0.5706338594162108,0.5923059136802156,-0.4055990791388771,-0.3972913427494846,-0.0307523966920219,0.009116756919842262,0.002404219500620829,-0.16025208269203173,-0.14257861092998117,-0.38142651279887263,0.7910511122420918,-0.3749863586182249,-0.5531578829882363,-0.861057901158887,-0.4960360741771209,-0.7804933930697788,-0.27205990648675843,-0.5359319634084473,-0.8892881594643768,-0.8540578681266763,-0.8813940468499017,0.19944262538060983,0.11952303105697071,-0.44478744691824024,-0.347824626641577,-0.17396157386663166,-0.7356552627599692,-0.5017421600188644,-0.32664490071048585,-0.33846712518133826,-0.30379972985329756,-0.3225748941771109,-0.33537463510525195,-0.3007920811364827,-1.3294652586276547,0.13634223296329925,-0.723167720879041,0.379397926406992
-0.7047807886682098,-0.7100955207216937,-0.9538856145348558,-0.7156406814243493,-0.6787707543282347,-0.7417315993789794,1.064895982612544,1.1506556389287192,-0.8655230278263525,-0.8595115324614644,-0.5210412376084314,-0.5060500567087597,-0.49892740113267336,-0.60456670500011,-0.5397922142761074,-0.8073321416258601,0.9251060789424472,-0.31064429835608726,-0.5089484243972219,-0.8914209542314138,-0.43169355023657774,-0.0016851270553645563,0.08642372450632649,-0.15184169195853275,-0.7343053299849158,-0.7026237934722547,-0.7084259481847187,0.03408940685715619,0.3326906193755277,0.7618901527031045,-0.05212857980307355,0.1155186392999994,-0.4990746086330488,-0.489556789134041,-0.6085170609272547,-0.5186460113001142,-0.4667271340228737,-0.6066049602614106,-0.517064402821719,-0.465045351342297,-0.9394522285568072,0.8991424485464773,-0.7769849875781627,-0.5825746991741491
0.13355904278925496,-0.09640838822392321,-0.467567419601486,0.04796875382269618,-0.9350581136974968,0.29985730418601464,0.9475410305387851,0.33885883583068893,-0.13445780815314554,-0.09845008849710661,0.7240201114162131,0.6806544046408877,0.7670977100504079,0.46409801505772225,0.5981818799804867,0.04581983115202946,0.6851755392083805,-0.2553582230164983,-0.3065660394182344,-0.890131848132177,-0.33268821378781177,0.6188070949188862,-0.36852389449861567,-0.4485729682841478,-0.9808137797756442,-0.44667026609975274,-0.47624657635081574,-1.177657005092868,-0.5566326212380089,1.3825951518110682,0.01512474164029237,-0.23296974676175097,-0.5791298461191706,-1.0437541235886585,-0.51280364719902,-0.5758413890519566,-0.5135310115798091,-0.5101588011037348,-0.5747393897307702,-0.5122301081744735,0.548209544608416,-0.9229176954231361,0.28147875165275704,-0.2018029355945749
0.23358210316371225,-0.030063833359299522,-0.47596024739615045,0.1409155833675624,-1.6339742694236739,0.40264624341047783,1.0207991281379356,0.3602740889895052,-0.15960006341408467,-0.07369852717539797,0.9016163361049719,0.850395268913273,1.1084632546022275,0.7024194401104117,0.8602896894099843,0.11759072857423893,0.6819779320711878,-0.10281022360303606,-0.17222203524649862,-0.7234456287542966,-0.11818606727213943,0.5099221780472203,-0.22589409184483433,-0.3924770194599745,-0.7345742466149289,-0.445922595379848,-0.4035714668976959,-0.3757858232252612,-0.4062141599399942,1.2817036268318864,-0.16181292666029673,-0.3632825200558293,-0.37713540249627975,-0.7122904088676716,-0.14051071315013533,-0.27391080970067316,-0.28527906444368056,-0.13501573419246818,-0.270276985669341,-0.28212069877804835,-1.4967620366574939,-0.1055976312382156,-0.5984658849169668,0.5374613389825781
-0.6848222633185207,-0.6809267940139712,-0.3873200207657029,-0.6747098806727665,0.7527830738372481,-0.7113561469519121,0.8038060392130858,0.24415571412257658,-0.5315218252042757,-0.5710564048150046,-0.6855140187544861,-0.7115734459682738,-0.8062571302565316,-0.8951880471251411,-0.8499757855007185,-0.6634870856008048,0.2123744701198549,-0.3740718810665497,-0.5660352994276425,-0.5440259222728647,-0.5234855865852749,-0.6824585578305696,0.01230878136764296,0.7277801318751973,-0.4833295824342959,-0.5396408968945136,-0.5245584678331128,0.21551469361542835,0.36953347782456086,0.28386521939702497,-0.4700550501088207,-0.11651841395098368,-0.5228106370634013,0.930884879021188,-0.22910172489289166,-0.0714887536130566,-0.297408840422811,-0.22428496496864433,-0.06615752892564546,-0.2943491841061669,-1.6914362628297253,-0.2528527156300589,-0.5968318218185509,0.9581290236701826
-0.7813070525322879,-0.771701178810273,-1.140992542922633,-0.7966032248763243,-1.8176402505629543,-0.8552974945133243,1.179046678830959,1.542649945783399,-1.0400863860501353,-1.0296955714785592,-0.45925806627405746,-0.5670481240696039,-0.6846057791450038,-0.6032545369159605,-0.5193447332761553,-0.9223830380613178,1.4711890223805886,-0.4612981200799117,-0.5477030823355085,-0.6551878852565779,-0.42691694854687373,1.0356952132736026,-0.1253690725309783,-1.5103143592733423,-0.09157980033760668,-0.6308312162347515,-0.5329173796896259,-1.841590012413326,-0.5274022234669639,-0.22685655101056043,-0.09499932595664062,-0.26008024268505003,-0.3923278129917563,-0.047674772150141376,-0.46711993652635864,-0.3430584899942106,-0.31121266565591554,-0.4641253533473,-0.3400045005923903,-0.3082653417190822,-0.586019143929995,1.1790956717773329,-0.7646381337535587,-0.8804595335315425
-0.8201091018154825,-0.7598539368701616,-0.9863003005036164,-0.811240520867642,-1.1511959331963741,-0.910470484824626,0.5582009822850249,1.2170666195751396,-1.0345828284896967,-0.9938506700330357,-0.489167368750524,-0.6979819260281828,-1.0559625351696664,-0.7001822397454921,-0.6390567052039194,-0.9275138460739324,0.7002986811579676,-0.8664582140797877,-0.5677110857530353,-0.7520074065051336,-0.7821442221325837,-0.5291358442666677,-0.798337664032336,0.8075537438981479,-0.3062204176444895,-0.7493197835729816,-0.6889645804647285,-2.326627319886959,-1.2889025326621588,-1.2156032547242264,-0.5760715666454709,-1.3551329131325327,-0.7985395336779535,-1.338713602627926,-0.6959069398617724,-0.2941763982788466,-0.6635908642190325,-0.6946638628141907,-0.29071251038991536,-0.6635111136518663,0.7507756611143727,1.4474550751741604,-0.739646119382571,-1.028282306869512
-0.6627452352780824,-0.6745537949013595,-1.002790378928974,-0.686823504941443,-1.4915710204554449,-0.6821508923294164,0.8611948027413336,1.23735646417738,-0.9133064047382522,-0.8830212565230953,-0.24109610807192977,-0.3794743088568755,-0.3596686176234248,-0.4854499615045321,-0.3365000565801749,-0.776177128541653,1.2909028808540288,0.0059630994353421845,-0.49066819649237997,-0.9484140644197918,-0.09941686004633063,-1.3304220012217651,0.5072528032044177,-0.5488776458034307,-0.8716492472448648,-0.5238954325198169,-0.3927859651869194,0.22818628886139583,0.3521842457142778,0.6175821973263006,-0.01365909168164928,0.1793268136526051,-0.1722951111886082,-0.7995068775663209,-0.4538015431797135,0.010774404108680852,-0.35701817379778794,-0.4507049994553966,0.016795442646355338,-0.35444360463371666,-0.020507848074640248,1.6847863716439246,-0.7220567017035453,-0.8948889553428917
-0.8567554816940551,-0.7705164546162618,-0.4797766928682864,-0.8075811968698124,1.151327729113206,-0.9817060889651794,0.04278915365775135,0.5173251340798893,-0.6097035724632474,-0.5825116800435712,-1.077305823482932,-1.172818428312741,-1.0559625351696664,-1.1585936217461927,-1.1974004014857056,-0.8690786257165509,-0.6730829474899228,-0.22912493016696464,-0.594013679773539,0.5786028275267304,-0.4535258648389895,-1.7734366100216774,0.3409932636305164,0.2399398847941092,1.9830920320679077,-0.3631307782699275,-0.486104110992546,0.38120080795928907,-0.1043309307142276,-1.2156032547242264,-0.36194671962342284,-0.4760902116101593,0.3045256581657991,0.961837653953797,-0.7212590897116992,-0.6027687108107643,-0.40507865000198023,-0.7202100990643977,-0.6018925092830757,-0.4028951860261943,0.3163101526964528,1.058573282218337,-0.7831089585173965,-1.050292515011768
-0.8459771346709456,-0.7693317304222507,-0.8410422429890408,-0.8185591688633006,-0.365881149729942,-0.9537901286155047,0.22813111829857802,0.9291937628022325,-0.9631341358780051,-0.948197531213323,-0.9022174824933967,-0.8418100713533728,-1.0559625351696664,-0.7962435647912289,-0.8199064576169098,-0.9275138460739324,0.14911903098375737,-0.7467463170360431,-0.7105450630528961,-1.1642496073036885,-0.6875685588986274,1.021880312582322,-0.5755723836328274,-1.5268220457591921,-1.447764998127804,-1.1815024504821423,-1.278866077520095,0.04161758783145374,-0.2861011439003949,-1.2156032547242264,-0.36194671962342284,0.1748294080506631,-0.923051281603073,-1.794420986404424,-0.5772798053230312,-0.2044908121108519,-0.3408471178833939,-0.5751285641294314,-0.20027486994609373,-0.33814095235641317,1.7928467869759348,-1.826429312892367,-0.57200760239214,-1.0131380744022997
0.6241893992812041,0.1695621933315776,-0.5541097687343127,0.457630075379695,-2.3114896861570933,0.7687708515311752,1.5357594589556784,0.48288034715350064,0.03827555484203312,0.12297803543033368,1.4761153756929861,1.3953772833261275,1.6336410154511811,1.1042539825544229,1.3204095520200596,0.35772116879499444,1.0906110932887325,1.713594772611035,0.39267479745570105,-0.6107344598842762,1.1704908010292217,1.3630408890176855,1.2449272343363613,-0.6863379849102302,-0.5582349617263721,0.5826278611264696,0.45998060466024615,-0.0988353019269481,0.06410090610054839,-1.2156032547242264,-0.35760125179278973,-0.6927532722753943,0.6775261367340056,-1.2601765906992084,0.25843078539885245,0.3706341091177008,0.44230890771509274,0.26697990847581987,0.379672734331376,0.45138821826766823,0.4248938766032146,1.0762739734650668,-0.46924919792922526,-0.3546108684192313
-0.7726843749138003,-0.7574844884821393,-0.889473513195214,-0.7673286328936894,-0.7879836516423147,-0.838817270137431,1.1021777298519733,1.034814136515624,-0.9434734358736593,-0.8992863475183882,-0.45925806627405746,-0.6564673317652417,-0.8702841571573353,-0.6605502302945219,-0.6035481313289105,-0.857443148863529,0.7228059484467584,-0.6288811801803521,-0.5370625514663269,-0.8069072760838855,-0.559986700601028,-0.2094306029887913,-0.4231312052206943,-0.5453440527819121,-0.5663960971801477,-0.9401971757215096,-0.9387957433111427,-1.841590012413326,-0.8004582448930191,0.34774255163519724,-0.22177810517924854,-0.1971485237141326,-0.6207396802772774,-0.482269477435935,-0.7364496123621254,-0.4812655712140928,-0.6396756771406794,-0.7355169145687652,-0.4793705108088035,-0.6394013102383479,-0.6072660123695126,1.3441324001637753,-0.8104155483861559,-0.93880336156563
-0.9580719437112853,-0.873587459495231,-1.0565224333972452,-0.9210202408025233,-1.315363312313461,-1.1422018371779594,0.8452929993982358,1.353166816881683,-1.182552319962034,-1.1833484299855586,-1.1910472572126172,-1.0249469350564933,-1.0559625351696664,-1.0509552636362942,-0.8937924899404676,-1.096679473604227,0.21463582166953718,-1.1777156974509744,-0.6136377843961028,-0.7802525341995895,-0.8519451528713863,1.9486136155181164,-1.3085166241813415,1.5838852547150202,-0.33530214669589387,-0.9808471443047843,-1.2499419689040243,-1.3828303207385522,-1.5623420251162368,-1.2156032547242264,-0.16709577349306576,-0.2993227476012228,-1.044507868487384,1.462782724200353,-0.8061295475575823,-0.6159141287347129,-0.4549119998919004,-0.8057302928005682,-0.6151481574923982,-0.45313406834589687,1.0843553430267836,0.3994447372173196,-0.7745189302321508,-1.082610668780086
-0.48117154311954374,-0.4492739327786258,-0.4472873262785421,-0.49597568413157234,0.6221503159787692,-0.43547222172733685,-0.2584442280708649,0.3024262904223467,-0.3867539081873126,-0.40015648071773385,-0.4960333888283186,-0.3781857737937317,-0.2846831188107525,-0.49712195647446256,-0.5448944792650169,-0.47823571628849687,0.3903206159314961,0.1800125407561554,-0.3738497553236739,-1.03074751173769,-0.10777698016924377,-1.1449363644380455,0.723545098771657,-0.49103865687335896,-1.2730565815223287,-0.47922574658069517,-0.5221781791100899,0.8227758122370953,1.0379631204625326,0.6239807698419618,0.2830220628896566,0.38330887694367605,-0.2392925713369681,-0.8671655382348803,0.3490063005323585,0.09127477143191663,0.21255842105793513,0.3582488352446249,0.09797084202365695,0.21976807457754816,-0.8623158045243156,0.9759481817987978,-0.5304376860831934,-0.07623306516971151
0.497436038289435,0.12489809121735763,-0.5132901804602805,0.3582794288386273,-1.6072607078571663,0.6549142046990741,1.197805792411783,0.40349542986756715,-0.013334687609398186,0.08699947418591922,1.276009711931722,1.239727094533101,1.397311023069152,0.9952421322984872,1.14438326860078,0.2856937309721547,0.8867354013025703,0.906600785855135,0.0017158118367001872,-0.9546921494919237,0.45323166842970913,-0.2167516300212602,0.6565030249682877,-0.6653686444094608,-1.0985729671728763,-0.4495730073929314,-0.24300846983607333,0.8634613069352077,0.9675806788464735,0.5478714605276982,0.5490712254947931,0.45966178006063985,-0.05041127140043882,-1.1550390785723326,1.3117730030414216,0.6170672325741979,0.7502260209865417,1.3283861128215129,0.6281723111848961,0.7618110907423891,-1.4699092268646252,0.4539327218613954,0.08664292207891888,2.7189834541048494
1.096712132774329,0.9252977566912836,0.578703870198823,1.030863179639667,0.19092634722433816,1.2000345409322137,-0.5679178316779668,-0.865693585299012,0.8940859381958857,0.9583765398367398,1.2446811098518482,1.1982092411684189,1.6073821274087332,1.4459524214897743,1.3268494062163776,1.0624195096446334,-0.34736856060624377,-0.05745697418071222,-0.31128108230377644,-0.3468190999815211,-0.24668975573463142,-0.6535524368171802,-0.4851056844710512,-1.0111809320070104,-0.6570979882071342,-0.45249834157732793,-0.48576197943322813,0.6179454874594527,0.43234384881000243,-0.7212299028673941,-0.46283653388074847,-0.37708182112151317,-0.6427140090665728,-0.6099725492745012,0.47592275442308035,8.014698579191682e-4,0.4211445986687151,0.48613691315215773,0.006738880823245751,0.43005167890381835,-1.3930874972661205,-0.05934017663939752,-0.2949305850574986,1.2100827558051452
0.6940330879909543,0.28696836095808165,-0.5402224636620984,0.5258764679392129,-1.7378590524600797,0.8451593775678251,1.038753377917635,0.4403706469801542,0.094953780297995,0.1782241666452775,1.6492952053310137,1.5264711237337174,1.6336410154511811,1.1829622993945765,1.3675681889827709,0.40970199183878286,0.9636381394838601,0.2847754569802247,-0.20291577420176526,-1.0441676714715038,-0.01326892421843568,-0.08911756797576466,-0.020267645297687716,-0.7004854838398886,-1.2703808098083722,-0.6664357406481511,-0.6434107339366774,0.12321157516986957,0.13976578745150947,-1.2156032547242264,-0.08144914142474523,-0.1006018940433292,-0.5253768130277126,-1.360557484301794,0.23926457284669916,0.004625616108248894,0.198409852598984,0.24766696670254426,0.010595094272574022,0.20550436829708255,-1.6362376241657242,-0.35960281961911783,-0.6270212858856307,1.2194460164251897
-0.8696894981217866,-0.7882873175264289,-0.8753832341037451,-0.8460040988470209,0.06852517050434773,-0.9927050432168004,0.2925978886084306,1.0043587824362885,-0.9509310224971248,-0.9528931377247272,-1.0155772850970939,-0.9068383202591246,-1.0559625351696664,-0.8933244603757091,-0.925492261608824,-0.9610464158052056,0.3395028985129901,-0.842461134094606,-0.6681153338345165,-0.8360736058260213,-0.7942540499199782,-1.4219235767673832,-0.6827731371831104,-0.4063826651065089,-0.7045557022917762,-0.7857617410236915,-0.7836693406587459,0.12124395072315344,-0.9789308285852976,-1.2156032547242264,-1.233164344740094,-1.1373968232454614,-0.9003813701880743,0.2972462069021168,-0.7392923950923487,-0.49294560076054544,-0.4890721893615258,-0.738381460560493,-0.49114848269512934,-0.4875722456423098,-0.42619163692823653,2.438276868583618,-0.8064058008610822,-1.022475558353471
0.5284776777159907,0.5601657600970503,0.49719291612533384,0.44610320478653237,1.1005524157833124,0.6748642904039314,-1.0205299534361878,-0.7744831046770176,0.8670374653194758,0.8592703787153746,0.3048599432559686,0.5037140009455008,0.5307677176683787,0.24158898498306544,0.19275061585754855,0.629016196078594,0.19631280692773345,1.5138340232127323,0.6320337641118489,-0.23031904476563272,0.96167986487555,-1.055515182019635,1.3982004356333706,-0.5086432747807016,-0.24690030221508133,0.7330647629946692,1.137651525229492,0.6817682763588553,0.5723746537390739,1.3306026487740954,0.067645059775873,-0.07689160051388509,0.8675820204621011,-0.9503299720878875,1.0979305871752445,0.23506205098371466,0.7577486171563657,1.1129066008917528,0.24296384306334154,0.7693949040832394,0.48725677097680825,0.8019625383243517,0.3451693386600998,0.7752986209310978
-0.8179534324108606,-0.6070245158427245,0.8180172230239828,-0.6978014769349311,1.6492908316652042,-0.9143752836815203,-1.6264489299752685,-1.0929950836018225,-0.10556575714974953,-0.3736593544480146,-1.447103273756755,-1.3905709636632058,-1.0559625351696664,-1.286832296109472,-1.3948676662881494,-0.5882567041179239,-2.609882072817201,-0.4082897532541582,-0.4880040285509931,-0.47176451525901686,-0.4769711031545455,-1.5716076728628696,0.030472049430135702,0.15885183899918354,-0.9205087393405333,-0.37293292481240425,-0.5473636054539496,0.09965451249063957,0.1540228199487538,-1.2156032547242264,-0.5670117392186518,-0.511346824130911,-0.4746035353109242,0.12235068490418458,-0.8175575287002469,-0.5142918284027498,-0.7172082070698442,-0.8172457622128896,-0.5126737081279155,-0.7175647822036952,0.7486338314674865,1.1807859037180914,-0.7713590072827845,-1.0278823173577445
-0.5441834180238766,-0.5418646851721118,0.28912994496054945,-0.5184946010412916,1.3702942700517557,-0.5030779239810794,0.35190731729349506,-0.5802391031640612,-0.06273273184976295,-0.19292393760413473,-0.7779971434697444,-0.7773890194980762,-0.8702841571573353,-0.8279598177155728,-0.9465227320597767,-0.36445838282738896,-0.3916805015662385,-0.7467463170360431,-0.6248446766729796,-0.22039913870269176,-0.9164107478523816,-1.5497458319430908,-0.7310448837213089,0.45921403061150134,-0.40516048945397204,-1.0720211928165024,-1.262239251584331,0.9854145869798605,-0.1442400957203124,-0.11015083370792605,-0.18834477520067572,-0.7256484131238955,-1.370088340661899,0.119572277228421,-0.875471356643408,-0.5851504438395482,-0.8210202192793159,-0.8756029563580681,-0.5841265051606127,-0.8222215928793528,1.1745754798123664,0.11599930822384344,-0.7605790049255524,-1.0774159388852762
